Geography,Which Central American country extends furthest north?,Belize
Geography,What country is directly north of the continental United States?,Canada
Geography,What is the largest island in the Indian Ocean?,Madagascar
Geography,What country borders Libya on the East?,Egypt
Geography,Into which bay does the Golden Gate Strait lead?,San Francisco Bay
Geography,Which city is known as Motown?,Detroit
Geography,What is the basic unit of currency for Uzbekistan ?,Sum
Geography,Name the capital of Brazil.,Brasilia
Geography,What is the basic unit of currency for Solomon Islands ?,Dollar
Geography,Libreville is the capital of ______?,Gabon
Geography,What is the basic unit of currency for Kiribati ?,Dollar
Geography,Tirana is the capital of ______?,Albania
Geography,Budapest is the capital of ______?,Hungary
Geography,What is the capital of Gambia ?,Banjul
Geography,Into what sea does the Elbe River flow?,North Sea
Geography,What country borders Egypt to the South?,Sudan
Geography,What is the capital of Kansas?,Topeka
Geography,Which mainland Latin American country is in neither South America nor Central America?,Mexico
Geography,What is the basic unit of currency for Morocco ?,Dirham
Geography,What is the basic unit of currency for Switzerland ?,Franc
Geography,What is the capital of Luxembourg?,Luxembourg
Geography,What is the basic unit of currency for Cameroon ?,Franc
Geography,Where is the Machu Picchu?,Peru
Geography,Which is the most remote island in the southern atlantic ocean?,Bouvet Island
Geography,In which continent would you find the Amur river ?,Asia
Geography,Which element makes up 3.63% of the Earth's crust ?,Calcium
Geography,What is the capital of Algeria ?,Algiers
Geography,In what mountain range is Kicking Horse Pass?,Rocky
Geography,What is the principal river of Ireland?,Shannon
Geography,What is the basic unit of currency for Qatar ?,Riyal
Geography,What country has a birth rate of 0?,The Vatican City
Geography,What is the basic unit of currency for Nauru ?,Dollar
Geography,What is the basic unit of currency for Sudan ?,Dinar
Geography,What is the capital of Tunisia ?,Tunis
Geography,Which is the Earth's second smallest continent ?,Europe
Geography,Which country has Budapest as its capital?,Hungary
Geography,What is the capital of Moldova?,Kishinev
Geography,Which is the only musical bird that can fly backwards?,Hummingbird
Geography,To what country does the Gaza Strip belong?,Egypt
Geography,What is the basic unit of currency for Brunei ?,Dollar
Geography,What is the basic unit of currency for Afghanistan ?,Afghani
Geography,What is the capital of Bhutan ?,Thimphu
Geography,What is the basic unit of currency for Panama ?,Balboa
Geography,Where is the world's largest desert?,North Africa
Geography,Djibouti is the capital of ______?,Djibouti
Geography,Where is Gorky Park?,Moscow
Geography,This Moslem republic in asia was formerly part of India.,Pakistan
Geography,What is the capital of Lesotho ?,Maseru
Geography,"On the London Underground, which station has a different name on two of its platforms?",Bank and Monument
Geography,What is the basic unit of currency for Sri Lanka ?,Rupee
Geography,Nashville is the capital of ______?,Tennessee
Geography,What is the basic unit of currency for Nepal ?,Rupee
Geography,What is the capital of Moldova ?,Chisinau
Geography,Which is the Earth's smallest continent ?,Australia
Geography,Which city has the largest rodeo in the world?,Calgary
Geography,How many stars are on the flag of New Zealand?,Four
Geography,What is the capital of Oman ?,Muscat
Geography,What is the capital of Uzbekistan ?,Tashkent
Geography,What is the capital of Belarus ?,Minsk
Geography,What 'I' was once Mesopotamia?,Iraq
Geography,What is a peanut if it is not a pea or a nut?,Legume
Geography,Which large city is on the Southeastern coast of Australia?,Sydney
Geography,What is the basic unit of currency for Guinea ?,Franc
Geography,Name the largest river forming part of the U.S. - Mexican border.,Rio Grande
Geography,What is the capital of Wales?,Cardiff
Geography,What is the basic unit of currency for Australia ?,Dollar
Geography,"What unit of currency will buy you dinner in Iraq, Jordan, Tunisia, and Yugoslavia?",Dinar
Geography,What is the capital of Brazil?,Brasilia
Geography,What is the second largest state in the USA?,Texas
Geography,What is the capital of The Netherlands ?,Amsterdam
Geography,What seaport's name is spanish for 'white house'?,Casablanca
Geography,In which continent would you find the Lena river ?,Asia
Geography,In which continent would you find the Amazon river ?,South America
Geography,What is the basic unit of currency for Jordan ?,Dinar
Geography,What is the basic unit of currency for Lithuania ?,Litas
Geography,Accra is the capital of ______?,Ghana
Geography,What is the capital of Wisconsin?,Madison
Geography,Which country hosted the 1982 World Cup of soccer?,Spain
Geography,Into what bay does the Ganges River flow?,Bay Of Bengal
Geography,Which city is home to the 4th largest pyramid in the world?,Las Vegas
Geography,What is the basic unit of currency for Azerbaijan ?,Manat
Geography,What is the capital of Honduras ?,Tegucigalpa
Geography,In which continent would you find the Mississippi river ?,North America
Geography,In which state is Mount Vernon?,Virginia
Geography,Which country has a flag of a red circle on a white background ?,Japan
Geography,What is the basic unit of currency for Tanzania ?,Shilling
Geography,What is the capital of Guam?,Agana
Geography,What is the capital of Greece ?,Athens
Geography,What is the basic unit of currency for Dominica ?,Dollar
Geography,Which bridge spans the Hudson River?,George Washington Bridge
Geography,In which state are Gettysburg and the Liberty Bell?,Pennsylvania
Geography,What is the capital of Croatia ?,Zagreb
Geography,On which coast of Australia is Sydney?,East
Geography,This is the only borough of New York City that is not on an island.,The Bronx
Geography,New Delhi is the capital of ______?,India
Geography,What is the capital of Colorado?,Denver
Geography,What place is known as 'the land nowhere near'?,Cape Three Points
Geography,What is the capital of Somalia ?,Mogadishu
Geography,What canal connects Lake Ontario and Lake Erie?,Welland
Geography,Which U.S. state receives the most rainfall?,Hawaii
Geography,What is the capital of Slovenia ?,Ljubljana
Geography,What is the capital of Florida?,Tallahassee
Geography,Name the capital city of Utah.,Salt Lake City
Geography,What is the basic unit of currency for Burkina Faso ?,Franc
Geography,Name a country which has the same name as a bird.,Turkey
Geography,What city is associated with Alcatraz?,San Francisco
Geography,What is the basic unit of currency for Belarus ?,Rubel
Geography,What is the basic unit of currency for Uruguay ?,Peso
Geography,What is the capital of Mauritius ?,Port Louis
Geography,What is the basic unit of currency for India ?,Rupee
Geography,What was the former name of Thailand?,Siam
Geography,What country is Phnom Penh the capital of?,Cambodia
Geography,What is the basic unit of currency for Hungary ?,Forint
Geography,What is the basic unit of currency for Austria ?,Schilling
Geography,What is the capital of Wyoming?,Cheyenne
Geography,What is the basic unit of currency for Kuwait ?,Dinar
Geography,What American state has a Thames river?,Connecticut
Geography,What is the capital of Turkey ?,Ankara
Geography,What is the capital of Malawi ?,Lilongwe
Geography,Which sea is located between Australia and New Zealand?,Tasman
Geography,Acadia was the original name of which Canadian province?,Nova Scotia
Geography,Into which estuary do the Trent and Ouse flow?,Humber
Geography,What is the highest peak in Fiji?,Mount Victoria
Geography,What is the basic unit of currency for Cambodia ?,Riel
Geography,Through which ocean does the International Date Line approximately follow the 180 degree meridian?,Pacific Ocean
Geography,What is the capital of Singapore?,Singapore
Geography,The sun sets in the ____?,West
Geography,What is the highest mountain in the world?,Mount Everest
Geography,In which city is the famous Bond Street?,London
Geography,What is the basic unit of currency for Vatican City ?,Lira
Geography,What is the capital of Guatemala?,Guatemala
Geography,"The ""Old City"" of this holy location is divided into four quarters — a Christian quarter, a Muslim Quarter, a Jewish Quarter, and an Armenian Quarter.",Jerusalem
Geography,What is the name for the deepest part of the ocean ?,Abyss
Geography,Where is Tabasco?,Mexico
Geography,In what country is the Mekong River Delta?,Vietnam
Geography,What is the basic unit of currency for Cyprus ?,Pound
Geography,What is the capital of Mauritius?,Port Louis
Geography,What is the capital of Comoros ?,Moroni
Geography,Havana is the capital of which country?,Cuba
Geography,What state is the Golden State?,California
Geography,Which Californian desert drops below sea level?,Death Valley
Geography,What is the basic unit of currency for Finland ?,Markka
Geography,"In which country is K2, the second-highest mountain in the world, located?",Pakistan
Geography,What is the capital of Armenia ?,Yerevan
Geography,What is the basic unit of currency for Honduras ?,Lempira
Geography,In which country is the Machu Picchu?,Peru
Geography,In which city is the Wailing Wall?,Jerusalem
Geography,Columbus is the capital of ______?,Ohio
Geography,Bismarck is the capital of ______?,North Dakota
Geography,What is the capital of Michigan?,Lansing
Geography,In which county are all ten of England's highest peaks?,Cumbria
Geography,What is the second highest peak in Africa?,Mt. Kenya
Geography,This coutry holds the distinction of being the least densely populated in the world.,Mongolia
Geography,On what island is Pearl Harbor?,Oahu
Geography,What is the capital of Tennessee?,Nashville
Geography,What is the capital of Antigua and Barbuda ?,Saint John's
Geography,In which continent would you find the Niger river ?,Africa
Geography,Which is the Earth's largest continent ?,Asia
Geography,Jakarta is located on which Indonesian island?,Java
Geography,Which element makes up 2.6% of the Earth's crust ?,Magnesium
Geography,Kathmandu is the capital of ______?,Nepal
Geography,What is the basic unit of currency for Philippines ?,Peso
Geography,What is the capital of Equatorial Guinea ?,Malabo
Geography,In which state are the Everglades ?,Florida
Geography,What 2 countries have square flags?,Switzerland and the Vatican
Geography,What is the capital of Mongolia?,Ulan Bator
Geography,Which US state gets the most rainfall?,Hawaii
Geography,What was the hightest mountain in the world before the discovery of everest?,Mount Everest
Geography,What is the capital of Belgium ?,Brussels
Geography,What tunnel connects France and Italy ?,Mont Blanc Tunnel
Geography,In what country do people speak the Language they call Nihongo?,Japan
Geography,What is the capital of Central African Republic ?,Bangui
Geography,Where is Queen Maud Land located?,Antarctica
Geography,What is the capital of Alaska?,Juneau
Geography,Alba is the Celtic name for what country?,Scotland
Geography,Approximately what percentage of the earth do the oceans cover?,71
Geography,In what country is Mandalay?,Myanmar (formerly known as Burma)
Geography,Which European country has the highest population density?,Monaco
Geography,What is the capital of Macedonia ?,Skopje
Geography,What country is Mt Etna in?,Italy
Geography,What is the capital of Andorra ?,Andorra la Vella
Geography,What is the capital of Idaho?,Boise
Geography,What is the longest river in Australia?,Darling
Geography,On what sea is the Crimea?,Black Sea
Geography,What is the capital of Niger ?,Niamey
Geography,In what city is the Smithsonian Institute?,Washington
Geography,What is the capital of Ukraine ?,Kiev
Geography,What is the smallest Canadian province?,Prince Edward Island
Geography,Which is the most populated state/territory in Australia?,New South Wales
Geography,In which city is the Sistine Chapel ?,Vatican City
Geography,"This country is divided into two parts: Sabah and Sarawak on the island of Borneo, and a peninsula north of Singapore.",Malaysia
Geography,As what is Constantinople now known?,Istanbul
Geography,Name the longest river in Nigeria.,Niger
Geography,"Where is the land of 10,000 lakes?",Minnesota
Geography,What is the capital of Nicaragua?,Managua
Geography,"What lake is approximately 394,000 sq. km in area?",Caspian Sea
Geography,On the banks of which river is the Taj Mahal?,River Jumna
Geography,In which continent would you find the Nile river ?,Africa
Geography,What is the capital of West Virginia?,Charleston
Geography,What is the capital of Zambia ?,Lusaka
Geography,What is the largest island in the Caribbean?,Cuba
Geography,What is the capital of Canada ?,Ottawa
Geography,What country has the highest per capita tea consumption?,Ireland
Geography,What is the basic unit of currency for Bhutan ?,Ngultrum
Geography,What is the capital of Madagascar ?,Antananarivo
Geography,What is the basic unit of currency for Libya ?,Dinar
Geography,On what island is Pearl Harbour?,Oahu
Geography,What is the basic unit of currency for Argentina ?,Peso
Geography,What is the capital of Albania?,Tirana
Geography,As what is Formosa now known?,Taiwan
Geography,In which state are the Finger Lakes?,New York
Geography,What is the capital of Czech Republic ?,Prague
Geography,What is the capital of Missouri?,Jefferson City
Geography,What is the capital of Indonesia?,Jakarta
Geography,What is the capital of Burma?,Rangoon
Geography,What is the capital of Senegal?,Dakar
Geography,Where are the two steepest streets in the USA?,San Francisco
Geography,What is the basic unit of currency for Japan ?,Yen
Geography,What is the capital of Texas?,Austin
Geography,What country is directly west of Spain?,Portugal
Geography,What is the basic unit of currency for Ukraine ?,Hryvnia
Geography,"What city was the setting for ""Gone With the Wind""?",Atlanta
Geography,What is the basic unit of currency for Fiji ?,Dollar
Geography,Lilongwe is the capital of ______?,Malawi
Geography,What is the capital of Nicaragua ?,Managua
Geography,As what was the Taj Mahal originally built?,Tomb
Geography,As what is the South Pole also known?,Amundsen Scott Station
Geography,Five US states border which ocean?,Pacific Ocean
Geography,What is the capital of Syria ?,Damascus
Geography,What is the official language of Egypt?,Arabic
Geography,"What is the largest city in Australia, in terms of population?",Sydney
Geography,Riyadh is the capital of ______?,Saudi Arabia
Geography,What country has the oldest constitution that still exists?,America
Geography,What is the smallest independent state in the world?,Vatican City
Geography,What is the capital of Honduras?,Tegucigalpa
Geography,What U.S. city is known as Insurance City?,Hartford
Geography,What is the second largest ocean?,Atlantic Ocean
Geography,In which city is the Arch of Hadrian?,Athens
Geography,Where is area 51 generally said to be?,Groom Lake
Geography,What is the basic unit of currency for Tonga ?,Pa'anga
Geography,What river has the largest drainage basin?,Amazon
Geography,The Little Mermaid is found in the harbour of which city?,Copenhagen
Geography,What is the capital of Australia ?,Canberra
Geography,Bangkok is the capital of ______?,Thailand
Geography,Name the largest city in Canada.,Toronto
Geography,What is the capital city of New Zealand?,Wellington
Geography,What is the basic unit of currency for Guinea-Bissau ?,Franc
Geography,Who is regarded as the most influential monarch of Russian Romanov Dynasty?,Peter I
Geography,Which state is the Evergreen State?,Washington
Geography,What is the capital of Croatia?,Zagreb
Geography,How many Great Lakes are there?,Five
Geography,What is the basic unit of currency for El Salvador ?,Colon
Geography,Vaduz is the capital of ______?,Liechtenstein
Geography,What is the basic unit of currency for Malta ?,Lira
Geography,What is the capital of Seychelles ?,Victoria
Geography,What is the capital of El Salvador ?,San Salvador
Geography,In which state is the Painted Desert?,Arizona
Geography,What continent is Cyprus considered to be part of?,Asia
Geography,Bissau is the capital of ______?,Guinea-Bissau
Geography,Into what ocean does the Zambezi River empty?,Indian Ocean
Geography,What is the capital of Vanuatu ?,Port-Vila
Geography,Who owns the island of Bermuda?,Britain
Geography,On which river is Rome located?,Tiber
Geography,What are the worlds four oceans - alphabetically?,"Arctic, Atlantic, Indian and Pacific"
Geography,What is the capital of Zimbabwe?,Harare
Geography,What is the highest mountain in Europe?,Mont Blanc
Geography,The longest river in Western Europe is _________?,Rhine
Geography,What US Citys name means 'straits' or 'channel'?,Detroit
Geography,What is the basic unit of currency for Poland ?,Zloty
Geography,Which element makes up 27.72% of the Earth's crust ?,Silicon
Geography,What's the capital of Poland?,Warsaw
Geography,Where are the 'wallops'?,Hampshire
Geography,In what country is Lahore?,Pakistan
Geography,What is the basic unit of currency for Antigua and Barbuda ?,Dollar
Geography,What country was once known as 'The Breadbasket of Russia'?,Ukraine
Geography,What is the basic unit of currency for Mauritania ?,Ouguiya
Geography,In which continent would you find the Yangtze river ?,Asia
Geography,Under what river does the Holland Tunnel run?,Hudson
Geography,Which city is on the east side of San Francisco Bay?,Oakland
Geography,Which South American country has both a Pacific and Atlantic coastline?,Colombia
Geography,What is the most sacred river in India?,Ganges
Geography,What is the basic unit of currency for North Korea ?,Won
Geography,What is the capital of Ohio?,Columbus
Geography,What is the capital of Latvia ?,Riga
Geography,"Located above and just below the Arctic Circle, this region became an official territory of Canada in April 1999.",Nunavut
Geography,What is the capital of Tuvalu ?,Fongafale (Funafuti atoll is the location of the capital Fongafale! So pls don't complain about the correction ;-))
Geography,What is the name of the famous large coral reef located off the coast of northeastern Australia?,Great Barrier Reef
Geography,This island group is off the east coast of southern South America.,Falkland Islands
Geography,What is the capital of Afghanistan ?,Kabul
Geography,In which ocean or sea are the Seychelles?,Indian Ocean
Geography,What is the capital of Djibouti?,Djibouti
Geography,What city is the Christian Science Monitor based in?,Boston
Geography,What is the basic unit of currency for Turkey ?,Lira
Geography,Which is the Earth's fourth largest continent ?,South America
Geography,In which city is the Colliseum located?,Rome
Geography,What is the capital of North Dakota?,Bismarck
Geography,What is the basic unit of currency for Yemen ?,Rial
Geography,What is the Southernmost country in continental Europe?,Spain
Geography,What is the capital of Hungary ?,Budapest
Geography,This Canadian island is the world's fifth largest.,Baffin
Geography,What is the capital of Chile?,Santiago
Geography,Lome is the capital of ______?,Togo
Geography,What is the capital of Trinidad and Tobago ?,Port-of-Spain
Geography,What is the basic unit of currency for Suriname ?,Guilder
Geography,What is the capital of Finland ?,Helsinki
Geography,What is the capital of Swaziland ?,Mbabane
Geography,What is the capital of Qatar ?,Doha
Geography,What is the capital of Togo?,Lome
Geography,Which European country has the lowest population density?,Iceland
Geography,What is the basic unit of currency for Latvia ?,Lats
Geography,In what state is Concord?,New Hampshire
Geography,What is also known as Amundsen Scott Station?,South Pole
Geography,What is the capital of Guyana ?,Georgetown
Geography,What is the basic unit of currency for Israel ?,Sheqel
Geography,"What country was the setting for ""Casablanca""?",Morocco
Geography,Which is the only sea below sea level?,Dead Sea
Geography,Santiago is the capital of ______?,Chile
Geography,In what country is the currency named after the water being called the Pula?,Botswana
Geography,What country is located between Panama and Nicaragua?,Costa Rica
Geography,What is the capital of Nigeria ?,Abuja
Geography,In which country is the largest active volcano in the world?,Ecuador
Geography,What is the world's highest mountain ?,Mount Everest
Geography,In which state is Mount St. Helens?,Washington
Geography,Santo Domingo is the capital of ______?,Dominican Republic
Geography,What is the basic unit of currency for Vanuatu ?,Vatu
Geography,On what river is the capital city of Canada?,Ottawa
Geography,What is the basic unit of currency for Monaco ?,Franc
Geography,What is the largest of the countries in Central America?,Nicaragua
Geography,What is the basic unit of currency for Iceland ?,Krona
Geography,What is the basic unit of currency for Belize ?,Dollar
Geography,What is the capital of Nepal ?,Kathmandu
Geography,What is the basic unit of currency for Venezuela ?,Bolivar
Geography,What is the basic unit of currency for Estonia ?,Kroon
Geography,"This mountain, found in the California Cascades, is famous for it's twin peaks?",Mount Shasta
Geography,Which country is known as the roof of the world?,Tibet
Geography,What is the capital of Australia?,Canberra
Geography,In which country is Brest? (NOT Breast!),France
Geography,"""Honolulu"" means _____________",Sheltered harbor
Geography,On which river is Rome located,Tiber
Geography,Which U.S. state has the least rainfall,Nevada
Geography,What queen were the virgin islands named for in 1627 ,Elizabeth i 
Geography,In what country is the waterloo battlefield ,Belgium 
Geography,Where is the city of Brotherly Love,Philadelphia
Geography,The tallest building in the Southern Hemisphere is in which city,Melbourne
Geography,What is the capital of France,Paris
Geography,What Was Sri Lanka Previously Known As ,Ceylon 
Geography,In which continent would you find the mackenzie river ,North america 
Geography,Where would you be if you landed smack in the middle of plock ,Poland 
Geography,"The Amazon river pushes so much water into the _____________ that, more than a hundred miles at sea, off the mouth of the river, one can dip fresh water out of the ocean and drink it.",Atlantic
Geography,Which state is the Evergreen State,Washington
Geography,"Created By German Scientists In 1876, What Was The First Artificial Favouring ",Vanilla Essence 
Geography,____________ possesses more proven oil reserves than any country outside the Middle East.,Venezuela
Geography,"If its 4:00pm in Seattle Washington, what time is it in Portland Oregon",4
Geography,In which state is stone mountain ,Georgia 
Geography,"What island group contains jersey, guernsey, sark and herm ",The channel islands 
Geography,"Can you give me the capital of the following three countries: Syria, Morocco and Libya? ","Damascus, Rabat, Tripoli "
Geography,Which Is The Smallest State In The Usa ,Rhode Island 
Geography,In which South American country is the Atacama desert? ,Chile 
Geography,In What Year Did Captain Cook Reach New Zealand ,1769 
Geography,In what city are the famous tivoli gardens ,Copenhagen 
Geography,What Is The 2nd Official Language Spoken In Germany ,Turkish 
Geography,Which City Is The Worlds Most Densely Populated ,Macau 
Geography,Which country would come first in an alphabetical list of countries,Afghanistan
Geography,"Which Mountain Range Lies In The North Of Spain , West Of The Pyrenees ",The Cantabrian Mountains 
Geography,Which Is The Largest Ocean ,The Pacific Ocean 
Geography,Florida is not the southernmost state in the United States. ___________ is farther south.,Hawaii
Geography,Constructed In 1333 Which Is The Oldest Wooden Bridge In Europe ,The Kapellbrucke In Lucerne Switzerland 
Geography,"Located in the Indian Ocean just north of the equator, __________ had a highly developed civilization as early as the fifth century B.C.",Sri lanka
Geography,This re_opened in 1975 after being closed for 8 years.,Suez canal
Geography,What is the capital of Suriname,Paramaribo
Geography,Which Palace was the principal home of the Monarchy prior to 1837 when Buckingham Palace became the Monarchs address ,St James Palace 
Geography,What is the capital of Slovakia,Bratislava
Geography,What Is The Most Westerly Capital City In Mainland Europe ,Lisbon (Portugal) 
Geography,"Miami, Florida, is the most southerly major city in the continental United States, sitting about two degrees north of the ____________________",Tropic of cancer
Geography,What is the capital of Poland,Warsaw
Geography,The U.S. state that contains the most square miles of inland water is ______________,Alaska
Geography,Which country has Budapest as its capital,Hungary
Geography,In Which Country Will You Find The Holiday Resort Bodrum ,Turkey 
Geography,What Is The Principle Language Of Brazil ,Portuguese 
Geography,What is the capital of Romania,Bucharest
Geography,Which is the largest lake in the British Isles? ,Lough Neagh in Northern Ireland 
Geography,"Excluding Alaska, the American state with the lowest population density is?",Wyoming
Geography,How Many Times Was Tower Bridge Raised In 1990 ,460 Times 
Geography,"For centuries, Spain's _________________ has been and still is one of the world's largest.",Fishing fleet
Geography,In which country is Cusco,Peru
Geography,In What Year Was The First Propeller Driven Atlantic Crossing ,1845 
Geography,___________ is the only country in the Middle East that does not have a desert.,Lebanon
Geography,___________ has official state neckwear _ the bolo tie.,Arizona
Geography,Addis Ababa Is The Capital Of Which African Country ,Ethiopia 
Geography,What is the capital of Barbados,Bridgetown
Geography,The only national airline that has never had a crash nor a forced landing.,Qantas
Geography,What city has a newpaper called the plain dealer ,Cleveland 
Geography,What is the capital of Philippines,Manila
Geography,What Type Of Shop Predominates On The Ponte Vecchio In Florence ,Jewellers Have Had The Monopoly Since 1593 
Geography,"How Did Henry Stanley Carry His Boat, The Lady Alice Overland ",He Divided It Into 8 Sections 
Geography,In Which Ocean Is The Gulf Stream ,The Atlantic 
Geography,Grasshopper Glacier in ___________ was named for the grasshoppers that can still be seen frozen in the ice.,Montana
Geography,In Which English City Will You Find The Angel Of The North ,Newcastle 
Geography,Which city is known as Motown,Detroit
Geography,Which Bridge In London Was Officially Named William Pitt Bridge In 1769 ,Blackfriars Bridge London 
Geography,In which state are the Finger Lakes,New york
Geography,What is the capital of Saint Vincent,Kingstown
Geography,What U.S. city is known as Insurance City,Hartford
Geography,What is the capital of Mauritania,Nouakchott
Geography,Which Was The First Suspension Bridge In London ,Hammersmith Bridge 
Geography,Name the second largest country in Africa.,Algeria
Geography,"With about 865 people per square mile, the island of _____________ is one of Europe's most densely populated regions.",Madeira
Geography,What is the capital of the United Arab Emirates,Abu dhabi
Geography,Acadia was the original name of which canadian province ,Nova scotia 
Geography,If You Drove In A Straight Line From Moscow To Madrid How Many Countries Would You Drive In All Together ,"Eight (Russia, Belarus, Poland, Czech Republic, Germany, Switzerland, France & Spain "
Geography,What Is The 3rd Most Populous Country On Earth ,The Usa 
Geography,Name the largest city in canada ,Toronto 
Geography,What Is The Scirocco ,A Wind 
Geography,What is London's largest park? ,Hyde Park 
Geography,In what city is the Leaning Tower,Pisa
Geography,"The _____________ is the world's smallest ocean. It is mostly covered by solid ice, ice floes, and icebergs.",Arctic ocean
Geography,In which country is the Dalai Lama's palace,Tibet
Geography,What is the capital of Egypt,Cairo
Geography,In which state is Mount Vernon,Virginia
Geography,This country is home to the world's oldest continuous local democracy.,Iceland
Geography,What is the capital of Colorado,Denver
Geography,Into what body of water does the danube river flow ,Black sea 
Geography,What Is The Worlds Largest Desert Called ,The Sahara 
Geography,What is the capital of Senegal,Dakar
Geography,Between Which 2 Countries Would You Find Lake Olirid ,Albania & Macedonia 
Geography,Halifax is the capital of which Canadian province,Nova scotia
Geography,In what country is Thunder Bay,Canada
Geography,"The world's longest railway is in _______. The Central Railway climbs to 15,694 feet in the Galera tunnel, 108 miles from Lima. Tourists take it to get to the ruins of Machu Picchu.",Peru
Geography,What is the capital of Nauru,Yaren
Geography,The nation of _______________ covers approximately the same land area as the state of Wisconsin. Yet it ranks eighth in population among all the world's countries.,Bangladesh
Geography,"_________ sits on the southern coast of France, near the border with Italy, and covers 0.73 square miles (approximately 1/2 the size of New York's Central Park).",Monaco
Geography,What is the capital of Niger,Niamey
Geography,"The longest main street in America, 33 miles in length, can be found in Island Park, __________",Idaho
Geography,This section of Manhattan is noted for its Negro and Latin American residents.,Harlem
Geography,Which Bridge Connects Europe With Asia ,The Galata Bridge Over The Bosphorus In Istanbul 
Geography,What is the capital of Turkey,Ankara
Geography,What is the capital of Solomon Islands,Honiara
Geography,In which continent would you find the mississippi river ,North america 
Geography,What is the capital of Liechtenstein,Vaduz
Geography,What Is The Most Southernly Point Of Mainland Great Britain ,Lizard Point 
Geography,Name the desrt located in south-east california. ,Mojave 
Geography,"Four states have active volcanoes: Washington, _______________, Alaska, and Hawaii, whose Mauna Loa is the world's largest active volcano.",California
Geography,_______________________ has parallel drops of only 158 and 167 feet.,Niagara falls
Geography,In which city is the coliseum located ,Rome 
Geography,What is the highest mountain in Canada,Mt. logan
Geography,In what country is Mandalay,Burma
Geography,In what city is the Smithsonian Institute,Washington
Geography,If James Bond was to dial 007 he would be using the dialing code for which country? ,Russia 
Geography,"The smallest island with country status is __________ in Polynesia, at just 1.75 square miles (4.53 sq km).",Pitcairn
Geography,Hell's Canyon on the Snake River is deeper than the _______________,Grand canyon
Geography,Who Paid For Christopher Columbus 's First Voyage Across The Atlantic ,Ferdinand & Isabella Of Spain 
Geography,Which British Land Owner Owns The Largest Acerage ,The Forestry Commision 
Geography,What is the capital of Gabon,Libreville
Geography,Which Country Left The Commonwealth In 1972 ,Pakistan 
Geography,Which City Is The Capital Of Iceland ,Reykjavik 
Geography,What is the capitla of Croatia? ,Zagreb 
Geography,What Was So Important About The Oresund Bridge Between Malmo & Copenhagen Which Opened In July 2000 ,Because It Was The First Permanent Link Between Europe & The Swedish Peninsula 
Geography,What is the capital of Cuba,Havana
Geography,What country boasts the southernmost point in continental europe ,Spain 
Geography,Which element makes up 5% of the Earth's crust,Iron
Geography,What Are Switzerlands Three Recognised Languages ,"French, German, Italian "
Geography,"Among the fifty_two _____________ churches Sir Christopher Wren created from 1670 to 1711, the greatest was St. Paul's Cathedral.",London
Geography,Who Employed Henry Hudson To Search For The North West Passage ,The Dutch East India Company 
Geography,What building built in 1897 contains 327 miles of bookshelves ,The library of congress 
Geography,"______________, in the eastern West Indies, is one of the world's most densely populated countries.",Barbados
Geography,The Volta is the largest river in which country,Ghana
Geography,"There is a U.S. state capital that was named after a famous German. Bismarck, North Dakota, was named after ______________________",Otto von bismarck
Geography,In what country is thunder bay ,Canada 
Geography,In Which Country Is Europe's Highest Mountain Mt Elbrus ,Russia 
Geography,"Two thousand years ago, the ancient Roman city of __________ was a thriving commercial port of 20,000 people.",Pompeii
Geography,What name is shared by mountain ranges in Scotland & Australia? ,Grampians 
Geography,Canada is the second_largest country in the world after __________. Nearly 90 percent of the Canada's population is concentrated within 161 km of the United States/Canada border.,Russia
Geography,What is the capital of Western Samoa,Apia
Geography,Which Bridge Was The First Major Suspension Bridge In The World ,The Menai Strait Bridge In Wales 
Geography,"____________ means ""land of the free.""",Thailand
Geography,What is the capital of Micronesia,Palikir
Geography,"Though part of the British Isles, the _______________ is administered according to its own laws by the Court of Tynwald. The island is not bound by British law unless it chooses to be.",Isle of man
Geography,"The muskellunge, a fierce fighting fish that can weigh in at around 70 pounds, is the official state fish of ___________________",Wisconsin
Geography,"A distillery was originally on the site of America's first mint, the ____________ mint, which opened in 1792.",Philadelphia
Geography,Each tour through Natural Bridge Caverns in ____________ covers 3/4 mile. An average tour guide will walk almost 560 miles in one year.,Texas
Geography,"This country's flag has a large ""R"" on it.",Rwanda
Geography,Which French Explorer Of West Africa Convinced Many African Leaders To Cede Power To France ,Pierre Ne Brazza 
Geography,Into what sea does the elbe river flow ,North 
Geography,"Of the ten strongest earthquakes ever recorded in the world, three have occurred in ____________",Alaska
Geography,In what country is the source of the blue nile ,Ethiopia 
Geography,___________________ has the largest rural population in the United States.,Pennsylvania
Geography,Why Is The Golden Gate Bridge Painted In International Orange ,The Colour Helps Visibility In The Frequent Early Morning Fog 
Geography,"The city name ________________ is derived from an Algonquin word meaning ""traders.""",Ottawa
Geography,Name the sea between Asia Minor and Greece.,Aegean
Geography,The highest temperature ever recorded on Earth was in which country?,Libya
Geography,Khartoum is the capital of which country ,Sudan 
Geography,What Is Officially The Largest Sea By Area ,South China Sea 
Geography,Which borough is northeast of and adjacent to Manhattan? ,The Bronx 
Geography,Name the world's most photographed and most climbed mountain.,Fuji
Geography,On which River does the City of Dublin stand ,The Liffey 
Geography,Name 2 Of The 3 South American Countries Through Which The Equator Passes ,"Brazil, Equador, Columbia "
Geography,What Nationality Was The Chemist Alfred Nobel ,Swedish 
Geography,What is the capital of Canada,Ottawa
Geography,In which state is hoover dam ,Arizona 
Geography,Bridgeport is the largest city in which state ,Connecticut 
Geography,Where Is The Glenveagh National Park ,"County Donegal, Ireland "
Geography,"The _____________ got its name from the occasionally extensive blooms of algae that, upon dying, turn the sea's normally intense blue_green waters to red.",Red sea
Geography,Which Famous City Bridge Is Known Locally As The Coathanger ,Sydney Harbour Bridge 
Geography,In which country is the machu picchu ,Peru 
Geography,Which U.S. state receives the most rainfall,Hawaii
Geography,Acadia was the original name of which Canadian province,Nova scotia
Geography,Which Woman Lived With Natives In West Africa & Became The First European To Visit Parts Of Gabon In 1894 ,Mary Kingsley 
Geography,What Is The Most Popular English City? ,London 
Geography,In which continent would you find the volga river ,Europe 
Geography,Where do tangerines live ,"Tangier, morocco "
Geography,Montevideo Is The Capital Of Which South American Country? ,Uruguay 
Geography,In which continent would you find the congo river ,Africa 
Geography,What is the capital city of Ethiopia? ,Addis Ababa 
Geography,Which is the only US state to have a Z in it's name? ,Arizona 
Geography,What is the capital of Guatemala,Guatemala
Geography,On Which River Does New Orleans Stand ,The Mississippi 
Geography,What is the capital of Ghana,Accra
Geography,Which is the least populated state in the USA? ,Wyoming 
Geography,What is the capital of Ireland,Dublin
Geography,Tourists who are eager to visit recently erupted volcanoes while on vacation should take heed. Volcanic ash has been known to remain hot for a period of nearly ______________,100 years
Geography,"The U.S. coastline, comprised of the Atlantic, __________, and Gulf waters, involves 25 of the 48 mainland states.",Pacific
Geography,"Where would you find the Queen Alexandra, Queen Elizabeth and Queen Maud mountain ranges? ",Antarctica 
Geography,"What is the largest city in Australia, in terms of population",Sydney
Geography,Which German federal state surrounds the city of Berlin? ,Bradenburg 
Geography,Bridgeport is the largest city in which state,Connecticut
Geography,What Is The Capital Of Portugal ,Lisbon 
Geography,What is the capital of Seychelles,Victoria
Geography,"The state of __________ was once known as the ""Earmuff Capital of The World"". Earmuffs were invented there by Chester Greenwood in 1873.",Maine
Geography,"_______________ has 254 counties. Alaska, which is more than twice as large, hasn't any.",Texas
Geography,Mount Victoria is the highest peak of this island country.,Fiji
Geography,What is the second largest of the United States,Texas
Geography,What Is The Highest Peak In England And Wales ,Mount Snowdon 
Geography,What is the capital of Guinea_Bissau,Bissau
Geography,What city does beacon hill light ,Boston 
Geography,Which country has the longest land border,China
Geography,"The streets of _________ were lit by gaslights for the first time in 1807. Before that, torches were used.",London
Geography,Warsaw is the capital of what country,Poland
Geography,Which Bridge In Scotland Replaced The Much Loved(Ferry At The Kyle Of Lochalsh) ,The Skye Bridge 
Geography,The northernmost point in mainland Australia is on this geographic feature,Cape york
Geography,Which Of The Worlds Continents Has The Highest Population ,Asia 
Geography,In what mountain range is Kicking Horse Pass,Rockies
Geography,This Pacific island's puzzling monoliths attract ethnologists.,Easter island
Geography,By What Name Do Argentina Refer To The Falkland Islands ,The Malvinas 
Geography,In which city is Red Square,Moscow
Geography,In what city is the smithsonian institute ,Washington 
Geography,What is the capital of Florida,Tallahassee
Geography,In which city is the C.N. Tower,Toronto
Geography,Across Which River Is The Longest Single Span Suspension Bridge ,The Humber 
Geography,Name the largest island in the world. ,Greenland 
Geography,Which Islands Were The Subject Of A War Between Argentina And Britain in 1982? ,Falklands 
Geography,"What famed ranch can you see from ranch road no. 1 near stonewall, texas ",The lbj ranch 
Geography,______________ is the only continent without reptiles or snakes,Antarctica
Geography,Which River Forms A Border Between France & Germany ,The Rhine 
Geography,Where were the Pillars of Hercules located,Gibraltar
Geography,"The _____________ is the lowest body of water on Earth at 1,315 feet below sea level at its lowest point.",Dead sea
Geography,Where is mount kennedy ,Yukon 
Geography,What is the capital of El Salvador,San salvador
Geography,Of Which Settlement Did Local People Invite Sir Francis Drake To Become King ,San Francisco 
Geography,What is the capital of The Bahamas,Nassau
Geography,In which county is Berwick-Upon-Tweed? ,Northumberland 
Geography,What is a piece of shallow saltwater seperated from the deeper sea by coral or sand called? ,A Lagoon 
Geography,What Was The Former Name Of Kampuchea ,Cambodia 
Geography,On what river is the capital city of Canada,Ottawa
Geography,What is the principal river of Ireland,Shannon
Geography,In what country is the highest point in South America,Argentina
Geography,Which town in Strathclyde was created a new town in 1955? ,Cumbernauld 
Geography,Where Are The Atlas Mountains ,"Algeria, North Africa "
Geography,What Is The Capital Of Ethiopia Called ,Addis Ababa 
Geography,Which City Was Formerly Called (New Amsterdam) ,New York 
Geography,What U.S. city is named after Saint Francis of Assisi,San francisco
Geography,"There are approximately 100,000 glaciers in ______________",Alaska
Geography,In which ocean or sea are the seychelles ,Indian 
Geography,Myanmar was known as _____________ until 1989.,Burma
Geography,What is the capital of Panama,Panama city
Geography,What is the capital of Burma,Rangoon
Geography,What was the former name of Manhattan's Park Avenue? ,Fourth Avenue 
Geography,What Is The National Airline Of Greece ,Olympic Airways 
Geography,"Formally called Kiritimati, ____________________ in the Indian Ocean is 52 square miles.",Christmas island
Geography,Artificial PKN Fertilisers Were Introduced In Britain In 1926. What Are The Constituent Parts ,"Phosphorus, Potash & Nitrogeon "
Geography,The highest point in Pennsylvania is lower than the lowest point in ______________,Colorado
Geography,What river is Liverpool on,Mersey
Geography,Which country at the southern tip of the Arabian Peninsula was previously known as Aden? ,Yemen 
Geography,What is the capital of Malawi,Lilongwe
Geography,What is the second largest country in the world? ,Canada 
Geography,"___________ is smaller than the state of Montana (116,304 square miles and 147,138 square miles, respectively).",Italy
Geography,Suez lies at one end of the Suez Canal which city is at the other end? ,Port Said 
Geography,The beautiful Antibes on the _________________ is the luxury_yacht capital of the world. Antibes also hosts one of the largest antique shows in Europe each spring.,French riviera
Geography,What is the capital of Mongolia,Ulaanbaatar
Geography,Which Country Sent The Most Explorers To Africa ,Scotland 
Geography,Which Famous Egyptian Queen Ordered The Expedition To Punt & Insisted On Dressing As A King While Wearing A False Beard ,Hatshepsut 
Geography,In which continent would you find the niger river ,Africa 
Geography,"Which is the most famous castle in County Cork, Ireland? ",Blarney Castle 
Geography,Which Is The Longest River In Britain ,The Severn 
Geography,What is the capital of Washington state,Olympia
Geography,What is the capital of Liberia,Monrovia
Geography,In which state is Stone Mountain,Georgia
Geography,The tenge is the basic monetary unit of which country? ,Kazakhstan (1 tenge = 100 teims)
Geography,"Japan consists of the four large islands of Hokkaido, __________, Shikoku, Kyushu, and about three thousand smaller islands.",Honshu
Geography,Which Is The Largest State In Australia ,Western Australia 
Geography,"___________ is the most densely populated non_island region in the world, with more than 1,970 humans per square mile.",Bangladesh
Geography,_____________ is the largest Western European country. Its area is slightly less than twice the size of Colorado.,France
Geography,In what city are the famous Tivoli Gardens,Copenhagen
Geography,What state borders Alabama to the north,Tennessee
Geography,Meridians converge at the What. ,Pole s 
Geography,"Who Established A Colony At Roanoke Island & Christened It (Virginia) In Honour Of Elizabeth I, The Virgin Queen ",Sir Walter Raleigh 
Geography,"The border between _________ and the U.S. is the world's longest frontier. It stretches 3,987 miles (6,416 km).",Canada
Geography,What body of water borders Saudi Arabia to the east,Persian gulf
Geography,What Are The Northern Lights Otherwise Known As ,Aurora Borealis 
Geography,The world's largest lake has a very misleading name. What is it? ,Caspian Sea 
Geography,What is the capital of Botswana,Gaborone
Geography,On Which Line Of Latitude Could You Sail Around The World Without Touching Land? ,60 Degrees South 
Geography,The Airline Danair Is Based Where? ,Denmark 
Geography,Name the most north_easterly of the 48 contiguous states.,Maine
Geography,Kingston is the capital of which country ,Jamaica 
Geography,What is the capital of North Korea,Pyongyang
Geography,Name the largest lake in Australia,Eyre
Geography,Into what bay does the ganges river flow ,Bengal 
Geography,Where did the most powerful explosion ever witnessed on Earth occur,Krakatoa
Geography,In which state is Walla Walla,Washington
Geography,What is the capital of Dominican Republic,Santo domingo
Geography,"Various U.S. cities are named after other countries. You can visit the U.S. city of ________ in the states of Maine, Nebraska, and New York.",Peru
Geography,What is the capital of Malaysia,Kuala lumpur
Geography,In Which City Is Marco Polo Airport? ,Venice 
Geography,The Entrance To Which Bay Is Spanned By (The Golden Gate Bridge) ,San Francisco Bay 
Geography,In Which US State Is The City Of New Orleans? ,Louisiana 
Geography,Which of the U.S. states borders only one other state,Maine
Geography,Which Gulf Lies Between Iran And Saudi Arabia ? ,Persian Gulf 
Geography,"Linz, austria is a leading port on which river ",Danube 
Geography,The aurora borealis is most commonly observed in which country,Canada
Geography,What Does Copenhagen Mean In English ,Merchants Haven 
Geography,Which state is the Wolverine State,Michigan
Geography,Which element makes up 2.83% of the Earth's crust,Sodium
Geography,In what country is the mekong river delta ,Vietnam 
Geography,What Forms The Natural Border Between Europe & Asia ,The Ural Mountains 
Geography,Who Was Head Of State Of Spain Before King Juan Carlos? ,General Franco 
Geography,What is the capital of Lesotho,Maseru
Geography,Approximately 70 percent of the Earth is covered with water. Only 1 percent of the water is _______________,Drinkable
Geography,In Which Country Was The Battle Of Waterloo Fought ,Belgium 
Geography,In what country is Banff National Park,Canada
Geography,What is the capital of Laos,Vientiane
Geography,KLM Is The National Airline Of Which Country ,Holland / The Netherlands 
Geography,"In which country would you find the Angel Falls, the highest waterfall in the world? ",Venezuela 
Geography,Where is Queen Maud Land located,Antarctica
Geography,What is the capital of Kenya,Nairobi
Geography,The first country along the great circle route due south from San Francisco,Canada
Geography,On Which Side Of The Road Do They Drive In India ,The Left 
Geography,Which city is furthest north in terms of its line of latitude? ,Rome 
Geography,What is the capital of Mauritius,Port louis
Geography,What is the capital of Vanuatu,Vila
Geography,"The City of Bridges in _________ are to be found in Saskatoon, Saskatchewan. The city of Saskatoon was named for the red berries that grew along its riverbank",Canada
Geography,"In Which County Is Chequers , The PM's Official Residence? ",Buckinghamshire 
Geography,What European country administers the island of Martinique,France
Geography,___________ has 150 recognized ecosystems.,Hawaii
Geography,In which state are Gettysburg and the Liberty Bell,Pennsylvania
Geography,What is the capital of Andorra,Andorra la vella
Geography,Where Is Sugar Loaf Mountain ,Rio De Janeiro 
Geography,What Is The Airline Of Luxembourg ,Luxair 
Geography,What city is on Lake Erie at the mouth of the Cuyahoga River,Cleveland
Geography,What Is The Deepest Lake In England ,Wastwater 
Geography,In which country is the Great Victoria Desert,Australia
Geography,Name the large mountain chain in the eastern u.s.a. ,The appalachians 
Geography,What is the capital of Saint Lucia,Castries
Geography,What is the capital of Spain,Madrid
Geography,Where is George Washington buried,"Mt. vernon, virginia"
Geography,What are the worlds four oceans _ alphabetically,"Arctic, atlantic, indian and pacific"
Geography,What Is The Largest Of The Channel Islands ,Jersey 
Geography,Which Famous Cocktail Was Invented At The Raffles Hotel In The Far East Around 1910 ,The Singapore Sling 
Geography,"Which American state's name is Spanish for ""flowered"" or ""flowery land""?",Florida
Geography,What is the largest of the countries in Central America,Nicaragua
Geography,In Which English City Will You Find The Crucible Theatre ,Sheffield 
Geography,What is the capital of Singapore,Singapore
Geography,Which European country has the lowest population density,Iceland
Geography,With what country is Fidel Castro associated,Cuba
Geography,What is the capital of Qatar,Doha
Geography,Chicago stands on the banks of which lake? ,Michigan 
Geography,What lake is the source of the white nile ,Lake victoria 
Geography,What is the capital of Gambia,Banjul
Geography,What Is The National Airline Of Russia ,Maya Island Air 
Geography,In which English county is the town of Crook? ,Durham 
Geography,Which of the 48 contiguous states extends farthest north,Minnesota
Geography,Which 2 Countries Have Coastlines On The Bay Of Biscay ,France & Spain 
Geography,What is the capital of Qatar? ,Doha 
Geography,Which Country Has The Lowest Birthrate ,Italy 
Geography,What colour is the leftmost stripe on the French flag? ,Blue 
Geography,The largest city on the Mississippi River is _________________,"Memphis, tennessee"
Geography,What city is the Christian Science Monitor based in,Boston
Geography,Where are the headquarters of the CIA?,"Langley, Virginia"
Geography,Which Metallic Element Has The Symbol EU ,Europium 
Geography,"This country occupies the ""horn of Africa"".",Somalia
Geography,Which country administers Christmas Island,Australia
Geography,What is the capital of Bangladesh,Dhaka
Geography,In Which Indian City Is The Taj Mahal ,Agra 
Geography,To The Nearest 100 Million Years How Old Is The Earth ,"4,540 Million Years "
Geography,What is the capital of Central African Republic,Bangui
Geography,What island has Hamilton as its capital,Bermuda
Geography,What is the capital of Israel,Jerusalem
Geography,What country has the world's most southerly city,Chile
Geography,What is the smallest independent state in the world,Vatican
Geography,Which Rock Is On The South Coast Of Spain? ,Gibraltar 
Geography,What is the capital of Kiribati,Bairiki
Geography,What English city does the Prime Meridian pass through,Greenwich
Geography,Which city is known as the Windy City,Chicago
Geography,Which Is The Largest Country In Africa ,Sudan 
Geography,In which state is Mount St. Helens,Washington
Geography,_________________ has two official national anthems.,South africa
Geography,By How Many Degrees Does True North Vary To Magnetic North In Britain ,8 Degrees West 
Geography,____________ is one_quarter the size of the state of Maine.,Israel
Geography,What is the capital of Maldives,Male
Geography,What Nationality Was Vasco Da Gama ,Portugese 
Geography,What is the capital of Chechnya? ,Grozny 
Geography,In which city is Saint Paul's Cathedral,London
Geography,Which is the Earth's largest continent,Asia
Geography,In which continent would you find the yellow river ,Asia 
Geography,Before The Discovery Of Mount Everest What Was The Tallest Mountain In The World ,Mount Everest 
Geography,"Which country administers South Georgia, a last stop before Antarctica?",Great britain
Geography,What south American country has both a Pacific and Atlantic coastline,Colombia
Geography,"Arguably the largest state in the world, _______________________ covers one_third of the Australian continent. It spans over 2.5 million square kilometers (1 million square miles).",Western australia
Geography,"From the 1830s to 1960s, the Lehigh River in eastern _____________, was owned by the Lehigh Coal and Navigation Co., making it the only privately owned river in the United States.",Pennsylvania
Geography,In Which Country Is The Suez Canal ,Egypt 
Geography,What is built on the former home of the Earl of Shrewsbury? ,Alton Towers 
Geography,"Filled with water, gas, electric, telephone, cable, steam, and sewer lines, _____________ is the most dense underground site in the United States.",Manhattan
Geography,In which country is Normandy,France
Geography,"What country was the setting for ""Doctor Zhivago""",Russia
Geography,What is the capital of Haiti,Port_au_prince
Geography,What's the longest river in the americas ,The amazon 
Geography,______________ has a sand desert with dunes over 100 feet high. It is located along the flatland of the Kobuk River in the northwestern part of the state.,Alaska
Geography,What American state is 'The Golden State'?,California
Geography,Name the capital of Italy.,Rome
Geography,"What river is called ""Old Man River""",Mississippi
Geography,What Record Does The 2nd Lake Pontchartrain Causeway Hold ,It Is The Longest Bridge In The World 23.9 M / 38.4 KM 
Geography,Which North Yorkshire village is famous for both its Racecourse and its Barracks ,Catterick 
Geography,What is the capital of Ukraine,Kiev
Geography,In 1904 Danish Biologist Johannes Schmidt Discovered The Sargasso Sea In The North Atlantic To Be The Breeding Ground Of Which Fish ,European Eel 
Geography,"What Is Common To The Republic Of Ireland, Northern Ireland, Scotland, Wales, Monaco, Denmark & Portugal ",They All Have A Coastline And A Land Border With Only 1 Other Country 
Geography,What is the capital of Switzerland,Bern
Geography,"The Oregon Trail (1840_1860), the route used during the westward migrations of the United States, started in _____________ and ended in Oregon and was about 2,000 miles long.",Missouri
Geography,Nassau is the capital of which country,Bahamas
Geography,Which Is Europe's Largest Country After Russia? ,Ukraine 
Geography,What is the capital of Somalia,Mogadishu
Geography,In which country is the Calabria region,Italy
Geography,What is the capital of Oman,Muscat
Geography,What European country did Romans call Lusitania? ,Portugal 
Geography,What is the capital of Uganda,Kampala
Geography,What's the former name of Istanbul,Constantinople
Geography,What is the worlds most southerly capital?* * ,"Wellington, New Zealand "
Geography,What is the capital of Philippines ?,Manila
Geography,What is the highest mountain in the Appalachian range?,Mt. Mitchell
Geography,What is the capital of North Carolina?,Raleigh
Geography,What is the capital of Liberia ?,Monrovia
Geography,What is the only country in the world whose name starts with 'O'?,Oman
