History & Holidays,"In 1951 Howard Hawks Produced The Thing. Who Directed The 1982 remake, Starring Kurt Russell ",John Carpenter 
History & Holidays,What amendment to the u.s. constitution ended prohibition ,The twenty first 
History & Holidays,Where Did Napoleon Bonaparte Die In Exile? ,St Helena 
History & Holidays,"What country did poinsettias originally come from? (Mexico,Us, Spain ,Brazil) ",Mexico 
History & Holidays,Who Became premier of Cuba in 1959. ,Fidel Castro 
History & Holidays,According to the song what did my true love give to me on the fifth day of Christmas ,Five Gold Rings 
History & Holidays,What asian leader was known as the little brown saint ,Mahatma gandhi 
History & Holidays,Who was the ruler of the USSR from 1917-22? ,Vladimir Lenin 
History & Holidays,The land that would eventually be known as oklahoma was part of the what in 1803 ,Louisiana purchase. 
History & Holidays,"William the First was crowned on Christmas day, but in what year ",1066 
History & Holidays,In The Film 'Halloween' For How Many Years Was The Killer Locked Up In An Asylum Before He Escaped ,15 Years 
History & Holidays,"In 'Bridget Jones Diary'', Bridget Jones makes a New Years Resolution, to sort out her life, meet a man and keep a diary, but who played Bridget Jones ",Renée Zellweger 
History & Holidays,"""What Did My True Love Give To Me On The """"Nineth"""" Day Of Christmas"" ",9 Ladies Dancing 
History & Holidays,In Which Modern Day Country Would You Find The Region Known As Transylvania ,Romania 
History & Holidays,"In 1959, Berry Gordy Jr. started a small record company called ",Motown 
History & Holidays,Which great American inventor died in October 1931? ,Thomas Edison 
History & Holidays,Which Olympics did the US boycott? ,1980 
History & Holidays,What English city was known to the Romans as Venta Bulgarum?,Winchester
History & Holidays,What was the leading cause of death in the late 19th century?,Tuberculosis
History & Holidays,Where In Egypt Is The Tomb Of Tutankhamen ,"Valley Of The Kings, Luxor "
History & Holidays,*What were the 'character' names of the 3 lead women of Charlie's Angels? (PFE)* ,"Sabrina, Kelly, Jill "
History & Holidays,In What Year Did The Vietnam War Begin ,1954 
History & Holidays,Who Wtote The Book 'How The Grinch Stole Christmas' ,Dr Seuss 
History & Holidays,Who had a hit with the smooth and soulful You To Me Are Everything ? ,The Real Thing 
History & Holidays,The Gold Coast gained its independence from Great Britain in 1957 and renamed itself as what ,Ghana 
History & Holidays,Which Football Team Became The First To Win The European Cup Winners Cup In 1963 ,Tottenham (Spurs) 
History & Holidays,How do you write 69 in Roman numerals?,LXIX
History & Holidays,In which country was the Rosetta Stone found,Egypt
History & Holidays,What Was The Contribution Of Actress Mercedes McCambridge To Linda Blairs Performance In The Excorcist ,Provided The Devils Voice 
History & Holidays,What's the oldest college in the u.s. ,Harvard 
History & Holidays,Where in the UK would you go to celebrate 'Uphelia'' shortly after Christmas ,Shetland Isles 
History & Holidays,"""What Is The Name Of The Toy That Arnold Schwarzenegger Desperately Tries To Get For His Son For Christmas In the Film """"Jingle All The Way""""?"" ",Turbo Man 
History & Holidays,On what date did America become an independant nation?,"July 4th, 1776"
History & Holidays,Alphabetically Which Is The Last Of Santa's Reindeers? ,Vixen 
History & Holidays,Dr. Christian Barnard performed the world's first ever what in South Africa in 1967. ,Heart Transplant 
History & Holidays,Godzilla first made his mark so to say in 1954. What do the Japanese call Godzilla ? ,Gojira 
History & Holidays,"What Connects Kenny, Everett, Annie Lennox, And Sir Isaac Newton ",Born On Xmas Day 
History & Holidays,The second line of which carol is '… When they are both full grown'' ,The Holly & The Ivy 
History & Holidays,What notorious event occurred on the 24th October 1929? ,The Wall Street Crash or (Black Thursday) 
History & Holidays,"Whose epitaph reads, free at last, free at last, thank god almighty, i'm free at last ",Martin luther king jr. 
History & Holidays,In What Year Was Band Aids 'Do They Know Its Christmas' The UK Christmas No.1 Single ,1984 
History & Holidays,Who was UK Labour cabinet minister and social reformer Frank Pakenham better known as? ,Lord Longford (7th Earl of Longford) 
History & Holidays,Who was known as 'the peanut president'?,Jimmy Carter
History & Holidays,What toy was released in 1957 creating an instant craze among children? ,The Hula Hoop 
History & Holidays,In What Year Was The Chinese Republic Established ,1911 
History & Holidays,Who Was Declared Dead On New Years Day 1953 At The Age Of 29? ,Hank Williams 
History & Holidays,In which country do they pound rice into a glutinous form using a huge hammer? ,Japan 
History & Holidays,Of which Cambodian party was Pol Pot the leader?,Khmer Rouge
History & Holidays,Which Revolutionary Icon Was Killed On 9th October 1967 ,Che Guevara 
History & Holidays,Which Actor Of The Silent Era Was Known As 'The Man Of A Thousand Faces' ,Lon Chaney 
History & Holidays,What Was The Name Of The Son Of Cleopatra & Julius Caesar ,Caesarion 
History & Holidays,Which TV Character Owns A Talking Cat Called Salem ,Sabrina Teenage Witch 
History & Holidays,Which member of the Beatles got his first drum kit on Christmas Day 1957 ,Ringo Starr 
History & Holidays,Which U.S. President was the first to have a Christmas tree in the White House? ,Franklin Pierce (1853-1857) 
History & Holidays,Name The 8 Reindeer From 'The Night Before Christmas' Poem ,"Blitzen, Comet, Cupid, Dancer, Dasher, Donner, Prancer, Vixen "
History & Holidays,Who assassinated John Lennon?,Mark David Chapman
History & Holidays,How Long Was The Hundred Years War? ,116 Years 
History & Holidays,"""What Was The Name Of The Character That Henry Travers Plays In The Movie """"It's A Wonderful Life"""""" ",Clarence Oddbody 
History & Holidays,Who Played The Title Role In The 1960 Hammer Production The Curse Of The Werewolf ,Oliver Reed 
History & Holidays,Who Is The Youngest Member Of The Rolling Stones ,Keith Richards 
History & Holidays,What region is the world's largest exporter of Christmas trees? ,Nova Scotia 
History & Holidays,"Formed in 1955, with which island was the organisation known by the acronym EOKA associated? ",Cyprus 
History & Holidays,Which Famous Artist Was Shot And Wounded By Valeria Solanis In 1968 ,Andy Warhol 
History & Holidays,Which French Ruler Was Finally Defeated In 1815 ,Napoleon 
History & Holidays,Who Released The 70's Album Entitled Trans-Europe Express ,Kraftwerk 
History & Holidays,How Many Gold Rings In Total Did My True Love Give To Me (Think About It) ,40 (5x8=40) 
History & Holidays,Who was the first person to break the sound barrier?,Chuck Yeager
History & Holidays,"When the choctaw indians were moved to oklahoma,they brought their crack police force with them. what were they called ",Lighthorsemen 
History & Holidays,When was the Greek alphabet first used?,800 BC
History & Holidays,Released in 1978 what were the names of the two gangs which John Travolta and Olivia Newton John belonged to in the movie `Grease'? ,The T-Birds and The Pink Ladies 
History & Holidays,How Does Good King Wencelesas Like To Eat His Pizza ,Deep Pan Crisp And Even 
History & Holidays,Who Released The 70's Album Entitled John Barleycorn Must Die ,Traffic 
History & Holidays,Which singer sang 'I Believe In Father Christmas'' ,I Believe In Father Christmas 
History & Holidays,Ghost Town' was the only number single released by which British band ,Specials 
History & Holidays,Which British alternative band takes its name from a character in the film To Kill a Mockingbird ? ,The Boo Radleys 
History & Holidays,This French peasant girl led the army to victories.,Joan of Arc
History & Holidays,Christmas Island Is A Territory Belonging To Which Country ,Australia 
History & Holidays,Who released an album called 'Ghost in the Machine' ,The Police 
History & Holidays,"In 1953 Science fiction author L.Ron Hubbard founded which cult religion, one of who's prominent modern day followers is John Travolta ",Scientology 
History & Holidays,*The war in Vietnam ended with the fall of Saigon in what year?* ,1975 
History & Holidays,*What movie earned Steven Spielberg his first hit in 1975?* ,Close Encounters 
History & Holidays,"Where did Churchill, Roosevelt and Stalin meet in 1945?",Yalta
History & Holidays,"""How Many gifts Would you receive if you received all the gifts in the song """"The 12 Days Of Christmas"""") Is It 196, 296, 364, 398 "" ",364 
History & Holidays,After who was America named?,Amerigo Vespucci
History & Holidays,What's the claim to fame of abraham zapruder ,He filmed john f. kennedy's assassination 
History & Holidays,In which hospital would you find Sir Lancelot Spratt? ,St Swithens 
History & Holidays,"Who In 1963 , Became The First Film Star To Earn A Million Dollars For A Single Film ",Elizabeth Taylor In Cleopatra 
History & Holidays,"Talking of Holland, traditionally Santa doesn't actually deliver the presents who does, is it, Rudolph, Santa's servant Black Peter, A goat named Ukko or Thirteen Elves ",His servant Black Peter 
History & Holidays,What was the initial capital of USSR?,Leningrad
History & Holidays,Which country was the first to allow women to vote in 1893? ,New Zealand 
History & Holidays,*What was the name of the scandal that forced President Nixon to resign?* ,Watergate 
History & Holidays,Which TV show portrayed the lives of performing arts high school students ,Fame 
History & Holidays,In which war was Bunker Hill a major battle? ,The American War Of Independence 
History & Holidays,In which European country did the use of Christmas trees originate ,Germany (5th Century) 
History & Holidays,Who Was Ptolemy Dionysius Related To As Both Brother And Husband ,Cleopatra 
History & Holidays,Who was the first female American astronaut ?,Sally Ride
History & Holidays,When And Over What Was The First British Referendum Held? ,"1975, Membership Of The EEC "
History & Holidays,What planet was 'ALF' from? ,Melmac 
History & Holidays,According to the Bible who is Jesus's father ,God 
History & Holidays,The Christmas Tree Displayed In Londons Trafalgar Square Is Traditionally Donated By Which Country ,Norway 
History & Holidays,Britain's first stretch of motorway was opened in 1958 to bypass which northern town (now a city) ,Preston 
History & Holidays,For what is the eighteenth and nineteenth century sailor Sir Francis Beaufort best remembered? ,His System Of Wind Force Indicators 
History & Holidays,Who imported the first Go set into Britain ?,Marco Polo
History & Holidays,Near what falls did Jimmy Angel crash his plane in 1937?,Angel Falls
History & Holidays,What name was given to the Allied invasion of North Africa in 1942? ,Operation Torch 
History & Holidays,What was the name of the character on the 1st Garbage Pail Kids Pack? ,Blasted Billy or Adam Bomb 
History & Holidays,Which 1976 Film Is About A Persecuted Schoolgirl With Psychokinetic Powers ,Carrie 
History & Holidays,Which witch did Ozzy Osborne sing about in 1980 ,Aleister Crowley 
History & Holidays,"After Henry VIII, Who Was The Next Member Of British Royalty To Get Divorced? ",Princess Margaret 
History & Holidays,What band got their name from the sixties movie Barbarella? ,Duran Duran 
History & Holidays,At which battle did Nelson famously (turn a blind eye) to orders to disengage? ,The Battle of Copenhagen 
History & Holidays,"In The Ukraine what does it mean if find a spiders web In your house Christmas morning is it, good luck , bad luck, winter will be unusually cold ",Good Luck 
History & Holidays,Who Invented The Christmas Cracker ,Thomas Smith 
History & Holidays,What was the first product to have a barcode?,Wrigley's gum
History & Holidays,In what year was Band-Aid's Do They Know It's Christmas the UK Christmas chart-topping record? ,1984 
History & Holidays,"He was the captain of the ""Mayflower"".",Standish
History & Holidays,In What Century was St Nicholas first Mentioned ,4th 
History & Holidays,Who played the Spirit of Christmas in the 1988 TV film 'Blackadder's Christmas Carol'' ,Robbie Coltrane 
History & Holidays,Cleopatra's slaves often died because she tested this on them,Poison
History & Holidays,Which country did Idi Amin invade in 1978? ,Tanzania 
History & Holidays,What Are The first Names Of The Everly Bros ,Don & Phil 
History & Holidays,Who sang the theme song to the 'Breakfast Club'? ,Simple Minds 
History & Holidays,Where were Anne Boleyn and Catherine Howard both executed? ,The Tower Of London 
History & Holidays,Near which Belarus City did the biggest ever tank battle take place during WWII?,Kursk
History & Holidays,"Is kissing under the Mistletoe, a Roman, Druid, or Celtic custom ",Druid 
History & Holidays,"""Hot cockles"""" was popular at Christmas in medieval times What was it? """"A Drinking Song"""" """"A Medievil Game"""" """"A Dish Of Seafood"""" """"A Hot Spice Drink"""" "" ",A Tudor Game 
History & Holidays,What Was A Sopwith Camel? ,A Single Seater Armed Biplane Used In WWI 
History & Holidays,Which bank holiday was first celebrated in Britain in 1978? ,1st May 
History & Holidays,"The Colosseum received its name not for its size, but for a colossal statue of who that stood close by?",Nero
History & Holidays,What was the capital of East Germany?,East Berlin
History & Holidays,"In the fairy tale 'Cinderella'', which slipper did she lose, the left or the right ",Left 
History & Holidays,Who Released The 70's Album Entitled Gasoline Alley ,Rod Stewart 
History & Holidays,Which Card Appeared In The UK For The Very First Time In 1963 ,American Express 
History & Holidays,"Which classic 1946 Christmas film features the line 'Daddy, every-time a bell rings, an angel gets its wings'' ",It's a Wonderful Life 
History & Holidays,"What is Myrrh? Is it a herb, a gum resin or an essence distilled from orchids ",Gum resin 
History & Holidays,"""Which former star of 'Crossroads'' Played """"Meg Richardson"""" And was born on 25th December,1923"" ",Noel Gordon 
History & Holidays,How Many Colonies Signed The American Declaration Of Independence? ,13 Colonies 
History & Holidays,What was Alexander The Great's wife's name?,Roxana
History & Holidays,"In what country did ""Sepoy Mutiny"" occur?",India
History & Holidays,Which Apollo mission carried Neil Armstrong and his cohorts to the moon? ,Apollo 11 
History & Holidays,Who fixed the date of the Christian festival 'Easter'?,Council of Nicaea
History & Holidays,"In the 1946 film, It's a Wonderful Life, what's the name of George Bailey's guardian angel? ",Clarence (Oddbody) 
History & Holidays,"Who Was A Tory, then Became A Labour MP And Finally Lead The British Facist Party? ",Oswald Mosley 
History & Holidays,"I Am A Suburb Of California, I Have The Nickname (Surf City) and part of my name sounds the same as the surname as 2 Famous Hollywood Celebrities, Where Am I ",Santa Cruz 
History & Holidays,In Which Year Was The Berlin Wall Constructed ,1961 
History & Holidays,The Character Of Mike Myers Features Heavily In Which Series Of Horror Movies ,Halloween 
History & Holidays,Which Food Of The Gods Was Said To Give Humans Immortality? ,Ambrosia 
History & Holidays,Which eighties cartoon ended with the phrase: 'And knowing is half the battle?' ,G.I.Joe 
History & Holidays,When Are Werewolves Expected To Appear ,When There Is A Full Moon 
History & Holidays,What Was The Name Of The Character Played By Anne Bancroft In The 1967 Film 'The Graduate'' ,Mrs Robinson 
History & Holidays,"Who played George III in Beau Brummell? (Robert Morely, Alec Guiness, Cardew Robinson) ",Robert Morely 
History & Holidays,Which 1992 Film Starred Goldie Hawn & Meryl Streep As 2 Woman Going To Extraordinary Lengths To Preserve Their Looks ,Death Becomes Her 
History & Holidays,"In 1978 which famous comedy returned for a second series, four years after the first had been shown ",Fawlty Towers 
History & Holidays,In the US what was known as Armistice Day until 1954? ,Veterans Day 
History & Holidays,"Arnold Schwarzenegger is a father trying to get the must have toy, Turbo Man, in which 1996 film ",Jingle All The Way 
History & Holidays,"Who said: when i look at my children, i say lillian you should have stayed a virgin ",Lillian carter 
History & Holidays,What did the Romans call Scotland? ,Caledonia 
History & Holidays,"In which country do families dress a stuffed male doll with old clothes from each member of the family and then burn it, symbolizing forgetting all the bad things of the old year? ",Colombia 
History & Holidays,In which European city did composer Richard Wagner die in 1883? ,Venice 
History & Holidays,What do historians call the journey made by Mao to the Northwest of China after Chiang Kai-Shek had driven his forces out of the South and East?,The Long March
History & Holidays,"What Opened In 1955 in Anaheim, near Los Angeles, California. ",Disneyland 
History & Holidays,What was the name of the witch in the tv show emu's world ,Grotbags 
History & Holidays,What started in 1849 when gold was discovered at sutter's mill ,The california gold rush 
History & Holidays,The horse Khartoum plays a 'deciding' role in which classic 70's film ? ,The Godfather 
History & Holidays,Who built the Taj Mahal?,Shah Jahan
History & Holidays,Who became president of South Africa in 1989?,F.W. de Klerk
History & Holidays,He was stabbed by Gaius Cassius Longinus.,Julius Caesar
History & Holidays,Which American Military Academt was established in 1802 on the Hudson river ?,West Point
History & Holidays,Who Released The 70's Album Entitled Kimono my House ,Sparks 
History & Holidays,Which is the name of the killer in A Nightmare on Elm Street ,Freddy Krueger 
History & Holidays,"Introduced in 46 BC by Julius Caesar, how many months was the Julian calendar divided into? ",12 
History & Holidays,Who Released The 70's Album Entitled Next ,The Sensational Alex Harvey Band 
History & Holidays,Which actress played the role of Samantha stevens in the tv show bewitched and for a bonus point who played her in the 1990 movie version ,Elizabeth Montgomery & Nicole Kidman 
History & Holidays,What Was The Name Given To Textile Workers Who Opposed Modernisation During The Nineteenth Century? ,Luddites 
History & Holidays,"Who was made Lord Mayor of London in 1397, 1398, 1406 and 1419? ",Richard (Dick) Whittington 
History & Holidays,"Bashful, Doc, Dopey, Grumpy Are 4 Of The Seven Dwarfs Name The Other 3 (PFE) ","Happy, Sleepy, Sneezy "
History & Holidays,This Sioux Indian toured with Buffalo Bill's Wild West Show.,Sitting bull
History & Holidays,Who Wrote The Book Alice In Wonderland ,Lewis Carrol 
History & Holidays,What was the name of the paperboy whose 1978 murder sparked a massive manhunt by British police? ,Carl Bridgewater 
History & Holidays,"In 1975, what re-opened after an 8 year closure?",Suez Canal
History & Holidays,In which country do some people eat long noodles to to wish for a long life? ,Japan 
History & Holidays,What Is The Name Of The Summer Camp In The Friday The 13th Movies ,Camp Crystal Lake 
History & Holidays,In which city were the Hanging Gardens,Babylon
History & Holidays,Which geographical location was the first word spoken on the moon? ,Houston 
History & Holidays,"""Macaulay Caulkin's folks left him """"Home Alone"""" in the original 1990 movie Where did they go? "" ",Paris 
History & Holidays,What was the name of the space shuttle that exploded? ,Challenger 
History & Holidays,"It's the Great Pumpkin, Charlie Brown' is a critically-acclaimed and very popular animated halloween television special based on a comic strip by which American cartoonist ",Charles M. Schultz 
History & Holidays,What do Care Bears do when fighting enemies? ,Stare 
History & Holidays,Which Very Famous Horror Story Was Written By Gaston Leroux ,The Phantom Of the Opera 
History & Holidays,Who Released The 70's Album Entitled Here Come the Warm Jets ,Eno 
History & Holidays,In which country did the Boxer Rebellion take place?,China
History & Holidays,What was the D-Day invasion password?,Mickey Mouse
History & Holidays,Moondance' was a hit for which male singer ,Van Morrison 
History & Holidays,What famous artist could write with both his left and right hand at the same time?,Leonardo da Vinci
History & Holidays,"If you licked Mr T's booty, it would taste like___ ",Sexual Chocolate 
History & Holidays,During which conflict is The Caine Mutiny' set? ,World War 2 
History & Holidays,Where did the Birkenhead sink?,Danger Point
History & Holidays,"What was the third country to get the ""bomb""",Britain
History & Holidays,Which Of Hitler's Deputies Flew To Scotland In 1941? ,Rudolf Hess 
History & Holidays,What two mountain ranges did hannibal and his elephants march through in 218 b.c ,The pyrenees and alps 
History & Holidays,"Who asked, Ever Fallen In Love? ",The Buzzcocks 
History & Holidays,In Which Year Did A Soviet Cosmonaut Make The First Spacewalk ,1965 
History & Holidays,According To The Song How Many Drummers Drumming Were There ,12 
History & Holidays,George Washington Carver advocated planting peanuts and sweet potatoes to replace what?,Cotton and tobacco
History & Holidays,Who shot President James Garfield?,Charles Guiteau
History & Holidays,Who said 'public service is my motto'?,Al Capone
History & Holidays,Which poisonous concoction was Socrates given to drink to carry out his death sentence?,Hemlock
History & Holidays,What was the first transatlantic radio message sent ?,S
History & Holidays,Grease The Musical Opened On Broadway In 1973 How Many Performances Were There ,"3,388 "
History & Holidays,Which president was responsible for the Louisiana Purchase,Jefferson
History & Holidays,"Humphrey Bogart, who was born on Christmas Day 1899, said the line 'Here's looking at you kid.'' In which film? ",Casablanca 
History & Holidays,Who built Camelot?,King Arthur
History & Holidays,What was the nationallity of Rasputin ?,Russian
History & Holidays,"In 1979 who was revealed to be the fourth Russian spy in the Burgess, MacLean and Philby affair? ",Anthony Blunt 
History & Holidays,What is the more common name for the plant Viscum Album? ,Mistletoe 
History & Holidays,Yorkshireman William Strickland is believed to have brought the first what to Britain from North America in 1526? ,Turkey 
History & Holidays,Who Is The Only British Prime Minister To Have Been Assassinated? ,"Spencer Perceval, 1812 "
History & Holidays,Which Spanish explorer first travelled to Jamaica?,Christopher Columbus
History & Holidays,What was the name of the society heiress who stole 8 million pounds worth of pictures in 1974 and was sentenced to 8 years in prison ,Dr Bridget Rose Dugdale 
History & Holidays,He ordered the persecution of Christians in which Peter and Paul died.,Nero
History & Holidays,What 'C' Was A 1992 Horror Movie And A 2006 Hit For Christina Aguilera ,Candyman 
History & Holidays,How Many Points Does A Snowflake Have ,Six 
History & Holidays,Which Was The First Town To Be Liberated By The Allies On D-Day? ,Caen 
History & Holidays,"Who was known as ""the wizard of Menlo Park"" ?",Thomas Alva Edison
History & Holidays,Which Film First Featured A Character Called Pinhead ,Hellraiser 
History & Holidays,Who directed the movie 'An American in Paris? ,Vincente Minnelli 
History & Holidays,Eras are divided into units called ________.,Periods
History & Holidays,What did Temujin change his name to ?,Genghis Khan
History & Holidays,Which actor from The Harry Potter Films Also starred in The Movie Dracula ,Gary Oldman 
History & Holidays,What was the only state george mcgovern carried in the 1972 presidential election ,Massachusetts 
History & Holidays,Which Country Was Divided Into North And South In 1954 after communists took control of government. ,Vietnam 
History & Holidays,In 70's CB Radio Slang What Is A 'Smokie'' ,A Policeman 
History & Holidays,Two 747's collided here in 1977.,Canary islands
History & Holidays,"""What Did My True Love Give To Me On The """"Tenth"""" Day Of Christmas"" ",10 Lords A Leaping 
History & Holidays,Who Was The First President Of The United States? ,George Washington 
History & Holidays,What caused the gremlins in the movie Gremlin to become evil? ,Eating after midnight 
History & Holidays,What was first worn on the 10th October 1886 ?,Tuxedo
History & Holidays,This Queen of France was beheaded in 1793.,Marie antoinette
History & Holidays,"""In which famous Christmas Song is a snowman pretended to be """"Parsons Brown""""?"" ",Winter Wonderland 
History & Holidays,Who Succceeded Hitler In 1945? ,Admiral Donitz 
History & Holidays,"Ex tv detective, turned crooner. Who sang Silver Lady? ",David Soul 
History & Holidays,Which Of Santa's Reindeer Shares It's Name With A High Street Store ,Comet 
History & Holidays,"In What Year Was Robert Kennedy Assassinated? (2 Points Spot On, 1 Point Year Either Way) ",1968 
History & Holidays,Which group had a one hit wonder with 'Book of Love''? ,The Monotones 
History & Holidays,Holy Roman Emperor Charles VI created which principality in 1719? ,Lichtenstein 
History & Holidays,What was the last chinese dynasty?,Manchu
History & Holidays,What Was The Coronation Year Of Queen Elizabeth 2nd ,1952 
History & Holidays,"Which 60's Movie features The Line wise men and grocers, they weigh everything ",Zorba the Greek 
History & Holidays,Who was the only survivor of Custer's last stand?,His horse
History & Holidays,Who Released The 70's Album Entitled Superfly ,Curtis Mayfield 
History & Holidays,Who starred in the 1957 film showboat as June? ,Ava Gardner 
History & Holidays,"Plus or minus 100 pounds (lb), how much did the world's largest recorded pumpkin weigh ","1,524 lb "
History & Holidays,What age preceded the Iron Age?,The Bronze Age
History & Holidays,What was Gary Gnu's catch phrase? ,No Gnus is Good Gnus 
History & Holidays,Who Played Jack Nicholson's Wife In The Shining ,Shelley Duvall 
History & Holidays,This U.S. president was fatally shot in 1881.,James Garfield
History & Holidays,Who Had An 80's Hit With The Song 'Is There Something I Should Know' ,Duran Duran 
History & Holidays,What Star Sign Would You Be If Your Birthday Fell On Christmas Day ,Capricorn 
History & Holidays,What was Alaska called before 1867?,Russian America
History & Holidays,In cockney rhyming slang what are 'Mince Pies'' ,Your Eyes 
History & Holidays,Where do bathers traditionally go for a swim in Hyde Park on Christmas Day ,The Serpentine 
History & Holidays,Which `Rocky Horror Picture Show' actor played Mocata in the 1967 film 'The Devil Rides Out' ,Charles Gray 
History & Holidays,In 1954 Roger Bannister achieved the worlds 1st Sub 4 min mile in what English County did this take place ,Oxforshire 
History & Holidays,From what were Jack-o-Lanterns first made in U.K. ,Turnips 
History & Holidays,"In 1902 this volcano erupted, killing 30,000",Pelee
History & Holidays,"""What brought Frosty the Snowman to life? (""""Pixie Dust, A Kiss,Magic Snow,An Old Silk Hat"""" "" ",An Old Silk Hat 
History & Holidays,Who invented crop insurance?,Benjamin Franklin
History & Holidays,From what country did the U.S. buy the Virgin Islands?,Denmark
History & Holidays,Who was the first dog in space ?,Laika
History & Holidays,Live Aid was to benefit which starving country? ,Ethopia 
History & Holidays,What Shakespearean king was actually king of Scotland for 17 years?,Macbeth
History & Holidays,How Did UN Secretary General Dag Hammarskjoeld Die In September 1961 ,In An Air Crash 
History & Holidays,In which English town was the Co-Operative Society formed in 1844? ,Rochdale 
History & Holidays,What type of animal is a caribou? ,A Reindeer 
History & Holidays,Who Released The 70's Album Entitled Madman Across the Water ,Elton John 
History & Holidays,Who discovered the Grand Canyon?,Francisco Coronado
History & Holidays,Which artificial fiber was invented in 1938 ?,Nylon
History & Holidays,Christmas Crackers is cockney rhyming slang for which part of the male anatomy? ,Testicles 
History & Holidays,What food was almost non-existent in Ireland in the 1840's?,Potatoes
History & Holidays,Who starred in Funny Girl and Lawrence of Arabia? ,Omar Sharif 
History & Holidays,"If you kiss someone under the mistletoe, what should you then remove ",One of the berries (for good luck) 
History & Holidays,With Which War Is Florence Nightingale Associated ,Crimean 
History & Holidays,For which label did Elvis first record? ,Sun Records 
History & Holidays,Which Horror Film Star Was Portrayed In An Oscar Winning Performance By Martin Landau In Tim Burtons 1994 Film About Cult Filmaker Ed- Wood ,Bella Logosi 
History & Holidays,"""When are the '12 Days of Christmas'? """"Dec 14th - Dec 25th) - (Dec 21-Jan 1) - (Dec 26 - Jan 6) - (Christmas Eve-Jan 4th) "" ",(Dec 26 - Jan 6) 
History & Holidays,What eighties TV show starred Bruce Willis in a detective agency? ,Moonlighting 
History & Holidays,Which Axis Powers In World War II Fought With The Allies In World War I? ,Japan & Italy 
History & Holidays,"According to some legends, what holiday decorating practice is attributed to spiders? ",Tinsel 
History & Holidays,Which 60s film was the true story of Helen Keller ,The Miracle Worker 
History & Holidays,"Who was, ""First in war, first in peace and first in the hearts of his countrymen""?",George Washington
History & Holidays,What wonder stood 32m high in rhodes harbour?,Colossus of Rhodes
History & Holidays,What is the name of the summer camp in the Friday 13th movies ,Camp Crystal Lake 
History & Holidays,Alanis Morrisette appeared on what 80's cable children's show? ,You Can't Do that On Television 
History & Holidays,"Soleil Moon Frye was the real name of which young eighties sitcom star, whose character name was also the title of the show? ",Punky Brewster 
History & Holidays,Which famous mathematician and astronomer was born on Christmas day in 1642 ,Sir Isaac Newton 
History & Holidays,What 'SG' Do The Salt And Pepper Say To Eachother At Christmas Time ,Seasons Greetings 
History & Holidays,Who wrote Auld Lange Syne? ,Robert Burns 
History & Holidays,"Who took the title ""Lord Protector of the Commonwelth of England, Scotland, and Ireland"" ?",Oliver Cromwell
History & Holidays,Which 1950s films took place in Hawaii 1941 ,From Here to Eternity 
History & Holidays,The festival of Halloween was first celebrated by which ancient tribe ,The Celts 
History & Holidays,In the Christmas song 'White Christmas' what did children listen for? ,Sleigh Bells 
History & Holidays,Which actress caused a sensation by appearing naked in the opening scene of the 1957 film _And God Created Woman _directed by her then husband Roger Vadim ,Brigitte Bardot 
History & Holidays,Name the loner rebel reindeer with the red shiny nose.,Rudolph
History & Holidays,In The Inspirational 1946 Film 'Its A Wonderful Life' What Is The Name Of George Baileys Guardian Angel ,Clarence Oddbody 
History & Holidays,Who shot Abraham Lincoln?,John Wilkes Booth
History & Holidays,"In 1785, Blanchard and Jeffries became the first to cross the English channel using which method of transport? ",Balloon 
History & Holidays,Who led 900 followers in a mass suicide in 1979?,Jim Jones
History & Holidays,Which (Age) Occured Between The Stone And The Iron Ages? ,Bronze Age 
History & Holidays,Who signed the 'thanksgiving proclamation'?,Abraham Lincoln
History & Holidays,What is the name of the telescope that was placed in orbit in the eighties? ,Hubble 
History & Holidays,Which former dictator was executed by firing squad on Christmas Day 1999 ,"Nicolae Ceausescu, (Romania) "
History & Holidays,What colour was Rudolph the Reindeer's nose? ,Red 
History & Holidays,Whose Scary Movie Character Has The real name is Charles Lee Ray ,Chucky 
History & Holidays,Between which countries was the shortest war in history?,Zanzibar and England
History & Holidays,What was the name of the rich boy that Andie was asked to go to the senior prom with in the movie 'Pretty in Pink'? ,Blaine 
History & Holidays,Which eighties musician got sued by a music related company for using their name as part of his pseudonym?* ,Thomas Dolby 
History & Holidays,"Who plays the role of the Prime Minister, in the 2003 Christmas film 'Love Actually'' ",Hugh Grant 
History & Holidays,"Those big black CD's that you see at garage sales that people call ""albums"" are made of _____.",Vinyl
History & Holidays,December 26th is traditionally known as Boxing Day but it is also which Saints Holy Day ,Saint Stephen 
History & Holidays,What did jack the ripper sign on his first note ,Yours truly 
History & Holidays,"Neptune Was The Roman God Of The Oceans, What Name Did The Greeks Use? ",Poseidon 
History & Holidays,What was Thailand formerly known as?,Siam
History & Holidays,Santa Claus reportedly lives at the _____ Pole.,North
History & Holidays,In which year did the UK hand over Hong Kong sovereignty to China? ,1997 (June 30th) 
History & Holidays,Strawberries are the undoing of an unhinged man in which 50s film ? ,The Caine Mutiny 
History & Holidays,What Are The Names Of The 3 Wise Men Who Brought Gifts To The Baby Jesus ,"Gaspar, Melchior, Balthasar "
History & Holidays,What did President J. Buchanan not have,A wife
History & Holidays,What revelation did alexander butterfield make to the senate watergate committee ,The oval office bugging 
History & Holidays,Name the toy that consisted of color pencils and plastic which you would put in the oven to create. ,Shrinky Dinks 
History & Holidays,Who invented the thermometer in 1593? ,Galileo 
History & Holidays,Who wrote the book 'The Shining' on which the 1980 Stanley Kubrick film was based ,Stephen King 
History & Holidays,"After The Fire made 'Der Kommissar' popular, but which eighties musician performed it originally? ",Falco 
History & Holidays,Who Released The 70's Album Entitled The Grand Tour ,George Jones 
History & Holidays,"Gangster Al Capone, boss of the Chicago underworld, was finally gaoled for 11 years for what crime?",Tax evasion
History & Holidays,3 Singers Have Sung The Opening Line The Christmas Favourite Do They Know Its Christmas (PFE) ,"Paul Young, Kylie Minogue, Chris Martin "
History & Holidays,What Process Is Used For Dating Ancient Organic Objects? ,Radio Carbon Dating 
History & Holidays,What Year Saw The Imposition Of Martial Law In Poland ,1918 
History & Holidays,Who was the female Prime Minister of England throughout the eighties? ,Marget Thatcher 
History & Holidays,The following is a line from which 1970's film 'There're all gonna laugh at you' ? ,Carrie 
History & Holidays,"Which corporation opened it's new headquarters in Portland Place, London in May 1932? ",The BBC 
History & Holidays,Name the author of Dracula ,Bram Stoker
History & Holidays,Which 60's Movie features The Line he's very clean ,A Hard Days Night 
History & Holidays,How Many Crusades Were There? ,Nine 
History & Holidays,What was Joseph's job? ,Carpenter 
History & Holidays,In Which Year Was The Battle Of Trafalgar Fought? ,1805 
History & Holidays,"Who Described Russia As (A Riddle Wrapped In A Mystery, Inside An Enigma)? ",Winston Churchill 
History & Holidays,"If a girl puts the letters of the alphabet face down in water, how will she know who she will marry ",His initials will be face up next day 
History & Holidays,London's Trafalgar Square Christmas tree is traditionally given by which country? ,Norway 
History & Holidays,What is New Year's Eve called in Scotland? ,Hogmanay 
History & Holidays,"Which drug, later found to have devastating side effects, was launched in 1958 to help pregnant women overcome morning sickness ",Thalidomide 
History & Holidays,What Are Monsters With Only One Eye Called ,Cyclops 
History & Holidays,What was the name of Eddie Murphy's character in Beverly Hills Cop? ,Axel Foley 
History & Holidays,What did Pennsylvania legalise before any other colony?,Witchcraft
History & Holidays,Who did the singer Lulu marry in 1969? ,Maurice Gibb 
History & Holidays,This Roman killed himself after his defeat at Actium.,Marc Antony
History & Holidays,What Is The Significance Of The 1976 Film 'To The Devil _____ A Daughter' ,Last Horror Film Made By Hammer 
History & Holidays,In which American state is George A. Romero's 1968 film 'Night Of The Living Dead' set ,Pennsylvania 
History & Holidays,"Who Had An 80's Hit With The Song 'Rock 'n' Roll High School,' ",The Ramones 
History & Holidays,"The American comedian and actor William Claude Dukenfield, died on Christmas Day in 1946. How was he better known? ",WC Fields 
History & Holidays,With With Horror Film Would You Associate The Character Leatherface ,Texas Chansaw Massacre 
History & Holidays,In What Year Was The General Strike ,1926 
History & Holidays,In which US City was Martin Luther King assassinated in 1968? ,Memphis 
History & Holidays,"What Did Frosty The Snow man Have For A nose (Carrot, Button,Cherry,Coal) ",Button 
History & Holidays,Which famous actor is honored in a statue in Leicester Square?,Charlie Chaplin
History & Holidays,Which 1950s films took place in Chicago and Miami 1929 ,Some Like it Hot 
History & Holidays,What Happened At Max Yasgur's Dairy Farm In New York State During 15-17th August 1969 ,Woodstock Festival 
History & Holidays,What American feminist went bust as a silver dollar,Anthony
History & Holidays,"Who said: ""Let them eat cake.""",Marie antoinette
History & Holidays,"""Who banned Christmas Carol's in England between the years of 1649 and 1660? """"Oliver Cromwell"""", """"King Charles II"""", """"Queen Victoria"""", """"Queen Elizabeth I"""" "" ",Oliver Cromwell 
History & Holidays,In Medievil England What Name Was Given To The Area Presided Over By A Lord ,Manor 
History & Holidays,"According to the bible, who were the baby Jesus's first visitors ",The Shepherds 
History & Holidays,Mark David Chapman was famous for what in 1980? ,Shooting John Lennon 
History & Holidays,This Spaniard conquered Mexico.,Hernando Cortez
History & Holidays,What Christmas Item Was Invented By Liondon Bakery And wedding Cake Specialist 'Tom Smith' In 1847 ,Christmas Crackers 
History & Holidays,Who discovered Christmas Island on Christmas Eve 1777 ,Captain Cook 
History & Holidays,How Did Darth Vader Know What Luke Skywalker Got For Christmas ,He Felt His Presents 
History & Holidays,"1955 saw the worst ever disaster in motor racing history when a Mercedes Benz hurtled into the crowd at which French race track, killing 86 people in total ",Le Mans 
History & Holidays,Which 60's Movie features The Line back in your gilded cage Melanie Daniels ,The Birds 
History & Holidays,"""What Native Language Would Jesus Christ Have Spoken ? (""""Hebrew, Sanskrit, Arabic, Aramaic"""" ) "" ",Aramaic 
History & Holidays,Which Belgian noble woman was sentenced to death for bathing in the blood of servant girls she had murdered in order to keep her young ,Countess Elizabeth Bathory 
History & Holidays,Which Queen Had An Extra Finger? ,Anne Boleyn 
History & Holidays,Which Band Was Rod Stewart A Member Of Before Going Solo ,The Faces 
History & Holidays,Who was the first Windsor monarch of the UK? ,George V (reigned 1910-1936) 
History & Holidays,On which date is Epiphany celebrated in the traditional Western calendar? ,6th January 
History & Holidays,What Became The Tallest Building In England In October 1965 ,Post Office Tower 
History & Holidays,What Were Frosty The Snowmans Final Words ,I'll Be Back Again Someday 
History & Holidays,To what position was John Masefield appointed in May 1930? ,Poet Laureate 
History & Holidays,What Was The Name Given To The French Goverment Which Collaborated With The Nazis? ,Vichy 
History & Holidays,How Many Films Were Made In The Jaws Series ,"4 (Jaws 1,2,3 & Jaws The Revenge) "
History & Holidays,What was George A Custer's horses' name?,Comanche
History & Holidays,What country is Men Without Hats originally from? ,Canada 
History & Holidays,What was E.T.'s favorite candy? ,Recee's Pieces 
History & Holidays,"In 1647, the English parliament passed a law that: Let Prisoners spend Christmas At Home, Gave Santa Immunity To Burglary, Made Christmas An Official Holday, Made Christmas Illegal ",Made Christmas Illegal 
History & Holidays,In which country do they eat 12 grapes as the clock strikes midnight (one each time the clock chimes) on New Year's Eve? ,Spain 
History & Holidays,Who had a Christmas No 1 with 'There's No-One Quite Like Grandma'' ,St Winifred School Choir 
History & Holidays,What was Max Headroom's network number ,23 
History & Holidays,In the Bible who sent out a dove to find land ,Noah 
History & Holidays,Which Crime Did Sirhan Sirhan Say He Had No Knowledge Of But Was Later Executed For In 1969 ,Bobby Kennedy Assasination 
History & Holidays,Which country did St Nicholas come from? ,Turkey 
History & Holidays,"If you were offered a 'spotted dick' after Christmas dinner, what could you expect? ",A Steamed Pudding 
History & Holidays,In which popular 1950s film is a character played by Audrey Hepburn given 24 hours to do as she pleases in the eternal city ? ,Roman Holiday 
History & Holidays,What company made PacMan? ,Bally Midway 
History & Holidays,From which film do we get the song 'White Christmas'' ,Holiday Inn 
History & Holidays,What Colour Are Holly Berries ,Red 
History & Holidays,Where Was The Roman's First Colony Based In England? ,Colchester 
History & Holidays,Which Act Gave People Temporary Release From From Prison To Prevent Starvation? ,The Cat & Mouse Act 
History & Holidays,Israel occupied the West Bank.  It belonged to _______.,Jordan
History & Holidays,What Was Anne Frank Famous For? ,Writing A Diary About Her Hide From The Germans In WW2 
History & Holidays,Who Released The 70's Album Entitled Pretzel Logic ,Steely Dan 
History & Holidays,Who sang No More Heroes? ,The Stranglers 
History & Holidays,"The three buildings of the Acropolis are the Propylaea, the Erectheum, and the _________.",Parthenon
History & Holidays,Which Apollo space mission put the first men on the moon ?,Apollo 11
History & Holidays,As what was Taiwan formerly known?,Formosa
History & Holidays,"What was the maiden name of Wallis Simpson, for whom Edward VIII abdicated in 1936? ",Warfield 
History & Holidays,Who does Jamie Lee Curtis play in 'Halloween 20 years later (H20) ,Kere Tate 
History & Holidays,Who played Norman Bates in the 1998 remake of 'Psycho' ,Vince Vaughn 
History & Holidays,How many years were between the creation of the Magna Carta and the American Declaration of Independence ?,561
History & Holidays,"""In the TV show """"The Simpsons"""", who or what is Santa's Little Helper?"" ",Their Pet Dog 
History & Holidays,From which phrase is the word Halloween Derived ,All Hallows Eve 
History & Holidays,On what did Marley's ghostly face first appear to Scrooge in Dickens' A Christmas Carol ,A door knocker 
History & Holidays,What 'IR' Does Michael Fish Say To His Wife When The Heavens Open On Christmas Day ,It's Reindeer 
History & Holidays,"The current image of Santa Claus as a plump man with white beard and red and white tunic dates from a 1931 Advertising campaign, for which product ",Coca-Cola 
History & Holidays,How many astronauts manned each Apollo flight?,Three
History & Holidays,"Who was kidnapped on the night of March 1, 1932?",Charles Lindbergh Jr
History & Holidays,"Which name belongs rightfully to The Craft Is It Bonnie, Shelly, Sally, Penny ",Bonnie 
History & Holidays,Who Was Henry Bolingbroke's Father ,John Of Gaunt (The Duke Of Lancaster) 
History & Holidays,In which country was Adolf Hitler born?,Austria
History & Holidays,In 1953 Queen Elizabeth II was crowned following the death of her father George VI but what was his 'proper'' first name; David - Albert - Louis - Edward - George ,Albert 
History & Holidays,Which country is the largest exporter of Christmas trees? ,Canada 
History & Holidays,To What Did The Chant Hell No We Won't Go Refer ,The Vietnam War 
History & Holidays,Who killed who in 1963 in what is generally regarded as the first live televised murder? ,Jack Ruby killed Lee Harvey Oswald 
History & Holidays,Which group released the album 'Dark Side of the Moon' ,Pink Floyd 
History & Holidays,What was the name of the government newspaper in ancient Rome ?,Acat Diurna (Daily Happenings)
History & Holidays,Where were the first books printed?,China
History & Holidays,In Sabrina The Teenage Witch What Is The Name Of Sabrina's Cat ,Salem 
History & Holidays,Who was the founder of Live Aid? ,Bob Geldof 
History & Holidays,Which Actress Played Emma Peel In The Avengers ,Diana Rigg 
History & Holidays,Who was the first African-American female to win a Wimbledon Tennis event? In both 1957 And 1958 ,Althea Gibson 
History & Holidays,Snarf' and 'Liono' are both characters from what famous 80s cartoon show? ,Thundercats 
History & Holidays,In which Massachusetts town were 20 people executed for witchcraft in 1692 ,Salem 
History & Holidays,Which State Became The 47th US State In 1912 ,New Mexico 
History & Holidays,"`Is this the real life, is this just fantasy', is the opening line of which hit song? ",Bohemian Rhapsody 
History & Holidays,Which 1993 Disney Movie Starred Bette Midler As A Witch ,Hocus Pocus 
History & Holidays,Which famous Tapestry Commemorates The Conquering Of England? ,Bayeux Tapestry 
History & Holidays,On what date did 'The Wall' fall? ,1989 
History & Holidays,"Who Had An 80's Hit With The Song 'Other Woman,' ",Ray Parker Jr 
History & Holidays,Which Character On TV Has The Real Name Of Eddie Fitzgerald ,Cracker 
History & Holidays,Who Released The 70's Album Entitled Trafalgar ,Bee Gees 
History & Holidays,Who Released The 70's Album Entitled Twelve Dreams of Dr. Sardonicus ,Spirit 
History & Holidays,Which was the first magazine to publish a hologram on its cover?,National Geographic
History & Holidays,"He said, ""I have nothing to offer but blood, tears, toil and sweat.""",Sir winston churchill
History & Holidays,Which famous ship sank in 1912 ?,Titanic
History & Holidays,What Did British Troops Destroy In Washington DC In 1814 ,The President's House 
History & Holidays,What Was The First Reich? ,The Holy Roman Empire 
History & Holidays,"In 1893, this country was the first to give women the vote.?",New Zealand
History & Holidays,What 'CP' Is One Of The Ghosts From A Christmas Carol ,Christmas Present / Past 
History & Holidays,Which country blew up a Greenpeace ship in New Zealand?,France
History & Holidays,"After the fall of the iron curtain, Russian leader Mikhail Gorbachev introduced a period of restructuring known as ________.",Perestroika
History & Holidays,"Who Coined The Phrase (Goverment Of The People, By The People And For The People)? ",Abraham Lincoln 
History & Holidays,"U.S. President, Herbert C. _________.",Hoover
History & Holidays,"What Connects Richard Nixon, Lyndon B Johnson, Hubert Humphrey & Spiro Agnew ",4 US Vice Presidents During The 60's 
History & Holidays,What Reference Book Went On Sale For The First Time In 1955 ,Guinness Book Of Records 
History & Holidays,John F. Kennedy Airport used to be called __________.,Idlewild
History & Holidays,Which is the most ancient walled city?,Jericho
History & Holidays,This U.S. Secretary of State won the Nobel Peace Prize in 1973.,Henry Kissinger
History & Holidays,Where Was A Famous (Tea Party) Held In 1773? ,Boston Tea Party 
History & Holidays,"In What Year Was The French Declaration Of The Rights Of Man (Liberty, Equality, Fraternity) ",1789 
History & Holidays,Which US president said 'the buck stops here'?,Harry Truman
History & Holidays,In which film does a Moloko Plus loving Ludwig van fan live with his 'M' and 'P' ? ,A Clockwork Orange 
History & Holidays,Where did 'The Mayflower' take the pilgrims?,New World
History & Holidays,Who Released The 70's Album Entitled Tusk ,Fleetwood Mac 
History & Holidays,Who Released The 70's Album Entitled The Scream ,Siouxsie and the Banshees 
History & Holidays,What's the resting place of those buried at sea?,Davey Jones's Locker
History & Holidays,"Which 1776 American Affirmation Asserted The Basic Rights Of All To (Life, Liberty & The Pursuit Of Happiness) ",American Declaration Of Independence 
History & Holidays,What was The Eldest Son Of Edward III Better Known As? ,The Black Prince 
History & Holidays,""" What Letter Comes Next In The Following Sequence """"B, C, C, D, D, D, P, R"""" 'Blitzen, Comet, Cupid, Dancer, Dasher, Donner, Prancer, Rudolph, Vixen'' "" ",V= Santa's Reindeers in Alphabetical Order 
History & Holidays,Who was King Of England During The Battle Of Agincourt? ,Henry V 
History & Holidays,What was the second carry on film? ,Carry on Nurse 
History & Holidays,What was the war during Regan's first term that took place on an island in the carribean? ,Grenada 
History & Holidays,What father/daughter duo made 'Gag Me With a Spoon' a household phrase during the eighties? ,Frank & Moon Unit Zappa 
History & Holidays,Who captained the HMS Beagle?,Charles Darwin
History & Holidays,Who Was Prime Minister When Edward VIII Abdicated? ,Stanley Baldwin 
History & Holidays,The Christmas period of 1813-14 saw the last what in London? ,Christmas Fair on a frozen River Thames (known as a Frost Fair) 
History & Holidays,How old was John F. Kennedy when he became president,43
History & Holidays,In the harbour of which city was the Greenpeace flagship Rainbow Warrior sunk in 1985? ,Auckland 
History & Holidays,What fell into the pool in Caddyshack which caused a major exodus? ,A Baby Ruth candy bar 
History & Holidays,"Which U. S. President insisted on putting lit candles on the White House Christmas tree, even though it was a fire hazard? Calvin Collidge, Herbert Hoover, Franklin Delano Roosevelt, Theodore Roosevelt, ",Franklin Delano Roosevelt 
History & Holidays,What did the Romans call Wales? ,Cambria 
History & Holidays,When was Julius Caesar murdered?,Ides of March
History & Holidays,Which duo had a 1987 Christmas hit with a cover of the Elvis song 'Always On My Mind'' ,The Pet Shop Boys 
History & Holidays,How Long Was The American Civil War ,Four Years 
History & Holidays,Which singers Christmas favourite is having his `nuts roasting on an open fire___'? ,Nat King Cole 
History & Holidays,What was the name (4 letters) of the New York night club that helped launch the career of several early new wave groups? ,CBGB's 
History & Holidays,"What country produced the world's first Christmas postage stamp, and when? ",Canada 
History & Holidays,Which Singer Starred In The Title Role Of The Film 'Merry Christmas Mr Lawrence'' ,David Bowie 
History & Holidays,What period is also known as the age of fish?,Devonian period
History & Holidays,Which famous Giant Panda died at London Zoo in 1972? ,Chi Chi 
History & Holidays,How Many Times Was Queen Elizabeth I Married ,None 
History & Holidays,Who in 1893 defined vegtables as plants eaten in a meal and fruits as plants eaten as dessert ?,United States Supreme Court
History & Holidays,Which 1945 Ealing Film Is A Sequence Of Supernatural Stories Told By A Group Of People In A Country House ,Dead Of Night 
History & Holidays,What was the contribution of actress Mercedes Mccambridge to Linda Blairs performance in The Exorcist ,She provided the devils voice 
History & Holidays,"Which city, famous for its 'Christmas Market', is also Known as 'The Gingerbread Capital of the World'? (Geneva, Bucharest,Nurumberg,Prague) ",Nuremburg 
History & Holidays,Which City Was Engulfed In Lava From Mount Vesuvius In AD79? ,Pompeii 
History & Holidays,What was the name of the scandal that resulted in the resignation of president Nixon?,Watergate
History & Holidays,1954 again - in which English city did Roger Bannister become the first man to run a mile in under 4 minutes ,Oxford (Iffley Rd) 
History & Holidays,What Do 99% Of Pumpkins End Up As ,Lanterns 
History & Holidays,Where did the real St. Nicholas live? ,Turkey 
History & Holidays,What Was Jackie Kennedy's Name Before She Married John F Kennedy ,Jackie Onnasis 
History & Holidays,"What is the all-time best-selling Christmas recording? (White Xmas, Jingle Bells, Frosty The Snowman, Rudolph the Red Nose Reindeer) ",White Christmas 
History & Holidays,Which 50's Movie features the Line 'Hey Stella!' ,A Streetcar Named Desire 
History & Holidays,What did 18 British Museums & Art Galleries Start To Do In 1974 ,Charge Admission 
History & Holidays,The American M4 tank is better known as what?,The Sherman tank
History & Holidays,What name did the indians give the black soldiers that were fighting against them in the late 1800's ,Buffalo soldiers 
History & Holidays,Who Released The 70's Album Entitled Muswell Hillbillies ,Kinks 
History & Holidays,When Did Napoleon Bonaparte Begin His Reign As Emperor Of France ,1804 
History & Holidays,Israel occupied the Golan Heights. Whose territory was it,Syria
History & Holidays,What Is The Name Of The Serial Killer In The Film Halloween ,Michael Myers 
History & Holidays,What age preceded the Iron Age,The bronze age
History & Holidays,After which famous person in history was the teddy bear named? ,Theodore Roosevelt 
History & Holidays,Which group had a Christmas No 1 with 'Lilly The Pink'' ,The Scaffold 
History & Holidays,Which British prime minister died in 1965 ?,Winston Churchill
History & Holidays,What show featured Nell Carter as a larger than life housekeeper? ,Gimme a Break 
History & Holidays,*'Afternoon Delight'' was the only major hit for which one-hit-wonder group?* ,Starland Vocal Band 
History & Holidays,Which Spanish King Sent An Armada Against England In 1588? ,Philip II 
History & Holidays,Who Released The 70's Album Entitled In Rock ,Deep Purple 
History & Holidays,"Which Coronation street character, played by Jean Alexander, made her last appearance on Christmas Day 1987 ",Hilda Ogden 
History & Holidays,Which British coin ceased to be legal tender in 1960? ,Farthing 
History & Holidays,Which two European leaders signed a non-aggression pact on 23 August 1939? ,Hitler & Stalin 
History & Holidays,Biko was involved in what protest movement? ,Apartheid 
History & Holidays,Germany was split into two zones by which agreement?,Yalta agreement
History & Holidays,Which Scottish actor famously sang in the film Darby O Gill & the little people? ,Sean Connery 
History & Holidays,The Charge Of The Light Brigade Occured During Which War ,Crimean 
History & Holidays,"From which era does the custom of carol singing originate? (Edwardian, Victorian, Middle Ages) ",The Middle Ages 
History & Holidays,Who was the mother of Elizabeth I?,Anne Boleyn
History & Holidays,What Was The Colonial Name Of Ghana ,Gold Coast 
History & Holidays,What country started the tradition of exchanging gifts? ,Italy (Romans) 
History & Holidays,"What is the common name for cercis canadensis, the state tree of oklahoma ",Redbud 
History & Holidays,In what year was the first English translation of the Bible completed? ,1388 
History & Holidays,"She was called ""The Maid of Orleans"".",Joan of arc
History & Holidays,"Who sang Its a Heartache, nothing but a heartache? ",Bonnie Tyler 
History & Holidays,Who did dita beard work for ,Itt 
History & Holidays,Who did the los angeles times endorse in the 1964 preisential election ,Barry goldwater 
History & Holidays,Which Wild West legend was born Henry McCarty? ,"Billy the Kid, alias William H Bonney "
History & Holidays,Who sailed to the new world in 'The mayflower'?,Pilgrims
History & Holidays,"Who said: ""Let them eat cake""?",Marie Antoinette
History & Holidays,Which emperor made his horse a senator?,Caligula
History & Holidays,What Was The Function Of Press Gangs In The Early Nineteenth Century? ,To Press Or Recruit Men Into The Royal Navy 
History & Holidays,What Is The Name Of The Bad Guy In The Friday The 13th Series ,Jason 
History & Holidays,"""What Did My True Love Give To Me On The """"Third"""" Day Of Christmas"" ",3 French Hens 
History & Holidays,"For how many years did the 30 Years War last? 27, 30 or 36? ",30 Years 
History & Holidays,Pop Star Marty Wilde Had A Baby Girl In 1960 What Did He And His Wife Call Her ,Kim (Kim Wilde) 
History & Holidays,Which pain relieving product was subjected to a public relations scare in the eighties? ,Tylenol 
History & Holidays,What 'HHH' Does Santa Do In His 3 Gardens ,"Ho, Ho, Ho "
History & Holidays,This Chinese dynasty lasted from 1368 to 1644.,Ming
History & Holidays,Great Britain Was The First Country To Issue Postage Stamps But In What Year ,1840 
History & Holidays,In What Year Did The Great Fire Of London Occur ,1666 
History & Holidays,How many witches in a coven ,13 
History & Holidays,What is the 15' by 18' cell that 146 captured british officers were forced into by indian troops in the 19th century called?,Black Hole of Calcutta
History & Holidays,Where does Santa land his sleigh? ,On The Roof 
History & Holidays,What daughter of czar nicholas ii is said to have escaped death in the russian revolution ,Anastasia 
History & Holidays,The following is a line from which 1970's film 'Blessed are the cheese makers' ? ,Life of Brian 
History & Holidays,"Who was the New Zealand mountaineer who in 1953, together with Sherpa Tenzing Norgay, became the first person to reach the summit of Mount Everest ",Sir Edmund Hillary 
History & Holidays,Which 1964 Movie Had The Alternative Title 'How I Learned To Stop Worrying & Love The Bomb'' ,Dr Strangelove 
History & Holidays,When Cook Discovered The Hawaiian Islands What Did He Name Them? ,Sandwich Islands 
History & Holidays,What cult-fav eighties movie features John Lithgow from another dimension? ,The Adventures of Buckaroo Banzai 
History & Holidays,Who is known for his 'theory of evolution'?,Charles Darwin
History & Holidays,"The General Strike, Called In 1926, Supported Which Union? ",Mine Workers Union 
History & Holidays,What company used the little aligators as it's symbol on clothing? ,Izods 
History & Holidays,In Which Year Did The Battle Of Hastings Take Place? ,1066 
History & Holidays,What tree is mentioned in the Christmas song 'Twelve Days of Christmas' ? ,A Pear tree 
History & Holidays,How Old Was Edward VI When He Became King? ,9 Years Old 
History & Holidays,Who was nick named Hanoi Jane in 1972 because of her enemy propaganda broadcasts from Vietnam? ,Jane Fonda 
History & Holidays,Name The Ship In Which Columbus Discovered America? ,Santa Maria (Pinta & Nina Were Sister Ships) 
History & Holidays,Who invented the wristwatch?,Louis Cartier
History & Holidays,Whose Election slogan Was (You've Never Had It So Good)? ,"Harold Macmillian, 1959 "
History & Holidays,Muhammad Ali Took On George Foreman In The 'Rumble In The Jungle'' In what Country Did This Take Place ,Zaire 
History & Holidays,Elizabeth I was the daughter of which king?,Henry VIII
History & Holidays,By what name was Baron Manfred von Richthofen better known? ,The Red Baron 
History & Holidays,"According to the Christmas song what was the only present asked for? 2 Front Teeth, 5 Bath Cubes, 4 Bars Of Soap, 3 Pairs Of socks ",2 Front Teeth 
History & Holidays,"""Which of these was not one of the twelve apostles ? """"Jason,Bartholomew, Phillip, Thaddaeus"""" "" ",Jason 
History & Holidays,Which police-dog was one of Stalin's favourites?,Berya
History & Holidays,What animal is Snowball in George Orwell's book Animal Farm? ,A pig 
History & Holidays,Who was the President of Egypt in 1956 who nationalized the Suez Canal causing British and French troops to invade the region ,Gamal Abdul Nasser 
History & Holidays,Which Instrument Of Torture Had a Hinged Case Full Of Spikes? ,The Iron Maiden 
History & Holidays,How many times was franklin roosevelt elected president ,Four 
History & Holidays,Alexander the Great was king of which country ?,Macedonia
History & Holidays,What Was The Name Of The North Sea Oil Rig That Caught Fire In 1988 ,Piper Alpha 
History & Holidays,Who was Joseph Merrick?,The Elephant Man
History & Holidays,Who had a hit with Schools Out in 1972? ,Alice Cooper 
History & Holidays,Which Chinese Dynasty Lasted From 1368-1644? ,Ming 
History & Holidays,Who Had An 80's Hit With The Song 'Queen of Hearts' ,Juice Newton 
History & Holidays,"What treaty, signed in 1713, ended the War of the Spanish Succession?",Treaty of Utrecht
History & Holidays,Presepe in Italy refers to what Christmas tradition? ,Nativity scene (literally meaning crib) 
History & Holidays,What made the crew sick in the movie Airplane? ,The fish 
History & Holidays,He discovered the Grand Canyon.,Francisco Coronado
History & Holidays,What is the weight of the largest pumpkin in the world is it A 1046 lbs B 1246 lbs or is it C 1446 lbs ,C 1446 lbs 
History & Holidays,What was the name of Charles Lindbergh's plane in which he completed the first non-stop solo trans-Atlantic flight? ,Spirit of St Louis (achieved in 1927) 
History & Holidays,Orson Wells directed Charlton Heston and Janet Leigh in which 1958 film? ,Touch Of Evil 
History & Holidays,What was the board game introduced in the eighties which featured six categories of questions and little pie shaped pieces you had to collect? ,Trivia Pursuit 
History & Holidays,Name Jacques Cousteau's research ship.,Calypso
History & Holidays,Who Released The 70's Album Entitled Sheet Music ,10cc 
History & Holidays,"""Which Is The Only Football Team In The 2006/2007 Premiership Which Doesn't Contain Any Of The Letters Of """"Santa"""" In It's Name?"" ",Liverpool 
History & Holidays,What changed in 1752 which caused Britain to have a White Christmas less frequently thereafter? ,The calendar 
History & Holidays,The Song 'White Christmas ' Was' Performed In Which 1942 Film ,Holiday In 
History & Holidays,Israel occupied the West Bank. It belonged to _______.,Jordan
History & Holidays,The following is a line from which 1970's film 'It's pronounced Fronkensteen' ? ,Young Frankenstein 
History & Holidays,Which film first featured a character later named Pinhead ,Hellraiser 
History & Holidays,This organization was founded by William Booth.,Salvation army
History & Holidays,"Who wrote the book, that was the basis for the 1982 animated film, 'The Snowman'' ",Raymond Briggs 
History & Holidays,Who gave john f. kennedy a dog named pushinka ,Nikita khrushchev 
History & Holidays,Who Released The 70's Album Entitled Blue ,Joni Mitchell 
History & Holidays,Who married actress Nancy Davis?,Ronald Reagan
History & Holidays,Who built the Lambarene missionary station?,Albert Schweitzer
History & Holidays,What Was Founded In The Reign Of Henry VIII For The Protection Of The Royal Person? ,Yeoman Of The Guard Or Beefeaters 
History & Holidays,In which country do people go to the beach to jump seven waves and throw flowers in the sea while making a wish? ,Brazil 
History & Holidays,Where did Gerald Durrell open his zoo in 1958? ,Jersey 
History & Holidays,Where did Guinevere retire to die?,Amesbury
History & Holidays,"In Scotland, what vegetable was traditionally carved into a jack-o-lantern was it A Potato B Turnip C Pumpkin ",B = Turnip 
History & Holidays,Which Singer Born On Christmas Day Released A Debut ASlbum Entitled No Angel ,Dido 
History & Holidays,Who was the first person to swim the English Channel?,Captain Matthew Webb
History & Holidays,What was the name of the vehicle in which Sir Malcom Campbell broke the 300 mph barrier in 1935? ,Bluebird 
History & Holidays,Who was given the only Nobel Peace Prize award during WWI?,International Red Cross
History & Holidays,Which 1950s films took place in Burma 1943 ,The Bridge on the River Kwai 
History & Holidays,Which Band Were At The UK Christmas Number One Spot In December 1979 ,Pink Floyd / Wall 
History & Holidays,"""What Did My True Love Give To Me On The """"Twelth"""" Day Of Christmas"" ",12 Drummers Drumming 
History & Holidays,Which former Labour MP formed the New Party in 1931? ,Sir Oswald Mosley 
History & Holidays,A mysterious cloud of pesticide and radiation causes a disturbing reversal for Scott Carey in which classic 50s film ? ,The Incredible Shrinking Man 
History & Holidays,In which 1970's films does Dustin Hoffman play the character ' Babe Levy' ? ,Marathon Man 
History & Holidays,King Abdullah was assassinated in 1951. Of which country was he king? ,Jordan 
History & Holidays,"Churchill, F.D. Roosvelt and Stalin met here in 1945.",Yalta
History & Holidays,The first ever Olympic Games to be held south of the equator opened in which city in 1956 ,Melbourne 
History & Holidays,What toy was in short supply for the 1983 Chirstmas season? ,Cabbage Patch Kid 
History & Holidays,"Famed as a member of the Rat Pack, who died on Christmas day 1995 ",Dean Martin 
History & Holidays,Which novel opens and closes with the letters of Robert Walton ,Frankenstein 
History & Holidays,Who was Cary Grant's female lead in the movie 'To catch a thief? ,Grace Kelly 
History & Holidays,Who Released The 70's Album Entitled Autobahn ,Kraftwerk 
History & Holidays,Which Mother & Daughter Both Appeared In John Carpenters Film The Fog ,Janet Leigh & Jamie Lee Curtis 
History & Holidays,What was the name of the first ironclad warship ever launched?,HMS Warrior
History & Holidays,"What did presidents Madison, Monroe, Polk, and Garfield have in common","The first name "" james """
History & Holidays,Which Country Was Awarded The George Cross For Civilian Bravery In 1942? ,Malta 
History & Holidays,What Was Formerly Called Stingray Harbour? ,Botany Bay 
History & Holidays,In which 1998 remake did Matthew Broderick play Dr.Niko Tatopoulos (Pronounced Tat-Oh-Pool-Loss) ,`Godzilla' 
History & Holidays,In What Year Did Neil Armstrong First Step Foot On The Moon ,1969 
History & Holidays,Who directed the 1976 movie 'The Omen' - The first part of the omen trilogy ,Richard Donner 
History & Holidays,"In 1978 which famous comedy returned for a second series, four years after the first had been shown? ",Fawlty Towers 
History & Holidays,Name The British Liner That Sunk On Its Maiden Voyage In 1912? ,The Titanic 
History & Holidays,"What was The poem A night before christmas originally called (The Night Visitor, Santa Claus Is Coming To Town, A Visit From St Nicholas, A Christmas Visit) ",A Visit From St Nicholas 
History & Holidays,John F. Kennedy Airport in New York used to be called __________.,Idlewind
History & Holidays,General Sherman burned this city in 1864.,Atlanta
History & Holidays,Where did the Bay Of Pigs take place?,Cuba
History & Holidays,""" Which of the following was not one of the Three Kings? """"Balthazar"""" - """"Melchior"""" - """"Soloman"""" - """"Caspar"""" "" ",Soloman 
History & Holidays,What did the person chained to wall in Goonies want? ,A Baby Ruth candy bar 
History & Holidays,What Chinese dynasty was overthrown in 1911,Manchu
History & Holidays,What did Sir Howard Carter discover in 1922? ,Tutankhamens Tomb 
History & Holidays,"What was the nationality of the prisoners in the ""Black hole of Calcutta""?",British
History & Holidays,Who Released The 70's Album Entitled Out of the Blue ,ELO 
History & Holidays,"He was assassinated on Dec. 8, 1980 in New York City.",John lennon
History & Holidays,Name the U.S.S.R. leader with a birthmark on his forehead? ,Gorbachev 
History & Holidays,How many wise men where there? ,3 
History & Holidays,When Was The Abolition Of The Death Penalty Made Permanent In Great Britain ,1969 
History & Holidays,"In Halloween, what is the middle name of Michael Myers ",Audrey 
History & Holidays,The St. Valentine's Day massacre took place in this city.,Chicago
History & Holidays,In which country do people wear white clothes in order to have good luck during the new year? ,Brazil 
History & Holidays,Who Released The 70's Album Entitled Hunky Dory ,David Bowie 
History & Holidays,"""Which Oscar Winning Actor Played Scrooge In """"The Muppet Christmas Carol"""""" ",Michael Caine 
History & Holidays,How many days after john f. kennedy's assassination was lee harvey oswald shot ,Two 
History & Holidays,"The three wise men allegedly brought gifts of Gold, Frankincense and Myrrh, spell Myrrh ",Myrrh 
History & Holidays,How did John Belushi die? ,Drug and Alcohol overdose 
History & Holidays,What snack food was portrayed in claymation dancing to 'Heard it Through the Grapevine'? ,Raisins 
History & Holidays,Who Released The 70's Album Entitled Oxygene ,Jean Michel Jarre 
History & Holidays,What is the only national spectator sport originating entirely in the united states ,Rodeos 
History & Holidays,Where was the Rosetta stone found ?,Cairo
History & Holidays,What was the sister ship of the olympic ,The titanic 
History & Holidays,Name The Queen Of England Who Ruled For Nine Days? ,Lady Jane Grey 
History & Holidays,Of which ship was Miles Standish captain?,The Mayflower
History & Holidays,"How many sides does a snowflake have? 6,8,10,12 ",6 
History & Holidays,Who Led A 125 Mile March Of Child Worker To Theodore Roosevelt's Vacation Home On Long Island ,Mary Harris Jones 
History & Holidays,Which popular poem was alternatively known as A Visit from St Nicholas? ' ,Twas The Night before Christmas 
History & Holidays,"Who was, ""First in war, first in peace and first in the hearts of his countrymen""",George washington
History & Holidays,Who was the last of the apache warrior chiefs ,Geronimo 
History & Holidays,Oklahoma statehood in 1907 became a sure thing. in part due to the discovery of what ,Oil 
History & Holidays,What Colour Are The Berries Of The Mistletoe Plant ,White 
History & Holidays,The fear of halloween is known by which other name (Fourteen letters) ,Samhainophobia 
History & Holidays,Who Was The Mother Of James 1st Of England? ,Mary Queen Of Scots 
History & Holidays,Who ruled rome when Christ was born?,Augustus Caesar
History & Holidays,Who Moved Into His Factory On New Yorks East 47th Street In 1963 ,Andy Warhol 
History & Holidays,Who Was The Last King To Sit On The English Throne ,George VI 
History & Holidays,"""In the Christmas song 'Rudolph the Red Nosed Reindeer' how is his nose described? """"You would even say it ___"""" "" ",Glows 
History & Holidays,What Was The Name Given To Those Who Campaigned For Social Reform In England Between 1836 & 1858? ,The Chartists 
History & Holidays,In which 1944 film were Trick and Treat children to be seen ,Meet me in St. Louis. 
History & Holidays,Approximately how many children did pharaoh Ramses II father?,160
History & Holidays,Who Was The First Roman Emperor ,Augustus (Gaius Julius Octavianus) 
History & Holidays,Who helps Santa make toys? ,Elves 
History & Holidays,"""When visiting Finland, Santa leaves his sleigh behind and rides on a: """"BroomStick, Rudolph, A Goat Named Ukko, A White Goose"""" "" ",A Goat Named Ukko 
History & Holidays,Which two words are inscribed on a Victoria Cross? ,For Valour 
History & Holidays,Which Comedien started Writing For Private Eye Magazine Ensuring Its Success ,Peter Cook 
History & Holidays,"With two words, complete this BBC radio signal to the French Resistance in the film The Longest Day. The long sobs of autumns violins wound my heart with _____ ",Monotonous langour 
History & Holidays,"Since 1923, the National Christmas Tree on the White House lawn has been lit every year _except _ one. What year was that, and why wasn't it lit? ",John F Kennedy 
History & Holidays,How did the bum convince the family dog to start eating again in Down and Out in Beverly Hills? ,He ate the dog's food 
History & Holidays,"If you attended a Swedish Christmas Party and were given 'Glogg'' what would you do with it, eat it, drink it or put it on your head ","Drink it, it's a hot spiced drink made from wine or spirit "
History & Holidays,Who Released The 70's Album Entitled Grievous Angel ,Gram Parsons 
History & Holidays,Which British city was named Deva by the Romans? ,Chester 
History & Holidays,Johnny Depp Made His Movie Debut In Which Scary Movie ,A Nightmare on Elm Street 
History & Holidays,Which woman flew from England to Australia in 1930? ,Amy Johnson 
History & Holidays,Which Band Had A UK Christmas Number 1 With The Song 'Stay Another Day' ,East 17 
History & Holidays,"Which vehicle designed by Ferdinand Porsche, went into mass production in 1936? ",The Volkswagen 
History & Holidays,Which country ruled Cambodia immediately before WWII?,France
History & Holidays,What was the name of Punky Brewster's dog ,Brandon 
History & Holidays,In the world of music how is 'Jiles P Richardson'' more commonly known? ,The Big Bopper 
History & Holidays,Who was the Taj Mahal built in memory of?,Mumtaj Mahal
History & Holidays,Where does Santa Claus live? ,Lapland 
History & Holidays,What city was john f. kennedy nominated for president in ,Los angeles 
History & Holidays,Which 'following' word did Frederico Fellini coin and use for the first time in his film La dolce vita ? ,Paparazzi 
History & Holidays,Who Was The First Catholic President Of The United States ,Catholic F 
History & Holidays,What city holds the distinction of opening the world's first public library in 1747?,"Warsaw, Poland"
History & Holidays,"In Halloween, Michael Meyers wore a Halloween mask of what famous character?",Captain Kirk mask
